Date,Region,Total Type 1 A&E Attendances,G&A beds available,G&A beds occupied,G&A occupancy rate,Total patients remaining,Staff Level,IMD_Most deprived 10%,IMD_More deprived 10-20%,IMD_More deprived 20-30%,IMD_More deprived 30-40%,IMD_More deprived 40-50%,IMD_Less deprived 40-50%,IMD_Less deprived 30-40%,IMD_Less deprived 20-30%,IMD_Less deprived 10-20%,IMD_Least deprived 10%,Pop_0-4,Pop_5-9,Pop_10-14,Pop_15-19,Pop_20-24,Pop_25-29,Pop_30-34,Pop_35-39,Pop_40-44,Pop_45-49,Pop_50-54,Pop_55-59,Pop_60-64,Pop_65-69,Pop_70-74,Pop_75-79,Pop_80-84,Pop_85-89,Pop_90+
2020-03-01,East of England,110869.0,9944.0,8201.0,82.5%,,120774,33816,31077,29860,29702,30308,30101,29805,29470,29315,28191,1434353,320521,284007,421699,684438,943978,1041948,914930,765319,923480,1159174,1470506,1393557,1552691,1938756,1796702,1646650,1229545,816206
2020-03-01,London,172289.0,13737.0,11911.0,86.7%,,210843,33816,31077,29860,29702,30308,30101,29805,29470,29315,28191,1434353,320521,284007,421699,684438,943978,1041948,914930,765319,923480,1159174,1470506,1393557,1552691,1938756,1796702,1646650,1229545,816206
2020-03-01,Midlands,185326.0,18103.0,14857.0,82.1%,,241535,33816,31077,29860,29702,30308,30101,29805,29470,29315,28191,1434353,320521,284007,421699,684438,943978,1041948,914930,765319,923480,1159174,1470506,1393557,1552691,1938756,1796702,1646650,1229545,816206
2020-03-01,North East and Yorkshire,168960.0,16805.0,13181.0,78.4%,,216381,33816,31077,29860,29702,30308,30101,29805,29470,29315,28191,1434353,320521,284007,421699,684438,943978,1041948,914930,765319,923480,1159174,1470506,1393557,1552691,1938756,1796702,1646650,1229545,816206
2020-03-01,North West,145813.0,14609.0,12024.0,82.3%,,197296,33816,31077,29860,29702,30308,30101,29805,29470,29315,28191,1434353,320521,284007,421699,684438,943978,1041948,914930,765319,923480,1159174,1470506,1393557,1552691,1938756,1796702,1646650,1229545,816206
2020-03-01,South East,144906.0,13013.0,10936.0,84.0%,,173854,33816,31077,29860,29702,30308,30101,29805,29470,29315,28191,1434353,320521,284007,421699,684438,943978,1041948,914930,765319,923480,1159174,1470506,1393557,1552691,1938756,1796702,1646650,1229545,816206
2020-03-01,South West,84858.0,9593.0,7557.0,78.8%,,126885,33816,31077,29860,29702,30308,30101,29805,29470,29315,28191,1434353,320521,284007,421699,684438,943978,1041948,914930,765319,923480,1159174,1470506,1393557,1552691,1938756,1796702,1646650,1229545,816206
2020-04-01,East of England,76994.0,9126.0,5326.0,58.4%,,121232,33816,31077,29860,29702,30308,30101,29805,29470,29315,28191,1434353,320521,284007,421699,684438,943978,1041948,914930,765319,923480,1159174,1470506,1393557,1552691,1938756,1796702,1646650,1229545,816206
2020-04-01,London,110925.0,12399.0,8748.0,70.6%,,212793,33816,31077,29860,29702,30308,30101,29805,29470,29315,28191,1434353,320521,284007,421699,684438,943978,1041948,914930,765319,923480,1159174,1470506,1393557,1552691,1938756,1796702,1646650,1229545,816206
2020-04-01,Midlands,119380.0,17544.0,10182.0,58.0%,,243819,33816,31077,29860,29702,30308,30101,29805,29470,29315,28191,1434353,320521,284007,421699,684438,943978,1041948,914930,765319,923480,1159174,1470506,1393557,1552691,1938756,1796702,1646650,1229545,816206
2020-04-01,North East and Yorkshire,117954.0,15445.0,8618.0,55.8%,,219013,33816,31077,29860,29702,30308,30101,29805,29470,29315,28191,1434353,320521,284007,421699,684438,943978,1041948,914930,765319,923480,1159174,1470506,1393557,1552691,1938756,1796702,1646650,1229545,816206
2020-04-01,North West,103087.0,13958.0,8109.0,58.1%,,199641,33816,31077,29860,29702,30308,30101,29805,29470,29315,28191,1434353,320521,284007,421699,684438,943978,1041948,914930,765319,923480,1159174,1470506,1393557,1552691,1938756,1796702,1646650,1229545,816206
2020-04-01,South East,101795.0,12536.0,7208.0,57.5%,,175007,33816,31077,29860,29702,30308,30101,29805,29470,29315,28191,1434353,320521,284007,421699,684438,943978,1041948,914930,765319,923480,1159174,1470506,1393557,1552691,1938756,1796702,1646650,1229545,816206
2020-04-01,South West,59585.0,9546.0,4806.0,50.3%,,127653,33816,31077,29860,29702,30308,30101,29805,29470,29315,28191,1434353,320521,284007,421699,684438,943978,1041948,914930,765319,923480,1159174,1470506,1393557,1552691,1938756,1796702,1646650,1229545,816206
2020-05-01,East of England,106370.0,9371.0,6256.0,66.8%,,121786,33816,31077,29860,29702,30308,30101,29805,29470,29315,28191,1434353,320521,284007,421699,684438,943978,1041948,914930,765319,923480,1159174,1470506,1393557,1552691,1938756,1796702,1646650,1229545,816206
2020-05-01,London,141418.0,11721.0,8336.0,71.1%,,214395,33816,31077,29860,29702,30308,30101,29805,29470,29315,28191,1434353,320521,284007,421699,684438,943978,1041948,914930,765319,923480,1159174,1470506,1393557,1552691,1938756,1796702,1646650,1229545,816206
2020-05-01,Midlands,160329.0,17360.0,11240.0,64.7%,,245028,33816,31077,29860,29702,30308,30101,29805,29470,29315,28191,1434353,320521,284007,421699,684438,943978,1041948,914930,765319,923480,1159174,1470506,1393557,1552691,1938756,1796702,1646650,1229545,816206
2020-05-01,North East and Yorkshire,157192.0,15451.0,10014.0,64.8%,,220640,33816,31077,29860,29702,30308,30101,29805,29470,29315,28191,1434353,320521,284007,421699,684438,943978,1041948,914930,765319,923480,1159174,1470506,1393557,1552691,1938756,1796702,1646650,1229545,816206
2020-05-01,North West,137496.0,13515.0,8766.0,64.9%,,201604,33816,31077,29860,29702,30308,30101,29805,29470,29315,28191,1434353,320521,284007,421699,684438,943978,1041948,914930,765319,923480,1159174,1470506,1393557,1552691,1938756,1796702,1646650,1229545,816206
2020-05-01,South East,139244.0,12639.0,8185.0,64.8%,,175946,33816,31077,29860,29702,30308,30101,29805,29470,29315,28191,1434353,320521,284007,421699,684438,943978,1041948,914930,765319,923480,1159174,1470506,1393557,1552691,1938756,1796702,1646650,1229545,816206
2020-05-01,South West,82169.0,9327.0,5611.0,60.2%,,128287,33816,31077,29860,29702,30308,30101,29805,29470,29315,28191,1434353,320521,284007,421699,684438,943978,1041948,914930,765319,923480,1159174,1470506,1393557,1552691,1938756,1796702,1646650,1229545,816206
2020-06-01,East of England,116460.0,9506.0,6898.0,72.6%,,122565,33816,31077,29860,29702,30308,30101,29805,29470,29315,28191,1434353,320521,284007,421699,684438,943978,1041948,914930,765319,923480,1159174,1470506,1393557,1552691,1938756,1796702,1646650,1229545,816206
2020-06-01,London,158961.0,11771.0,9078.0,77.1%,,216300,33816,31077,29860,29702,30308,30101,29805,29470,29315,28191,1434353,320521,284007,421699,684438,943978,1041948,914930,765319,923480,1159174,1470506,1393557,1552691,1938756,1796702,1646650,1229545,816206
2020-06-01,Midlands,178463.0,17234.0,12499.0,72.5%,,246384,33816,31077,29860,29702,30308,30101,29805,29470,29315,28191,1434353,320521,284007,421699,684438,943978,1041948,914930,765319,923480,1159174,1470506,1393557,1552691,1938756,1796702,1646650,1229545,816206
2020-06-01,North East and Yorkshire,172149.0,15566.0,11149.0,71.6%,,222084,33816,31077,29860,29702,30308,30101,29805,29470,29315,28191,1434353,320521,284007,421699,684438,943978,1041948,914930,765319,923480,1159174,1470506,1393557,1552691,1938756,1796702,1646650,1229545,816206
2020-06-01,North West,151693.0,13459.0,9470.0,70.4%,,202854,33816,31077,29860,29702,30308,30101,29805,29470,29315,28191,1434353,320521,284007,421699,684438,943978,1041948,914930,765319,923480,1159174,1470506,1393557,1552691,1938756,1796702,1646650,1229545,816206
2020-06-01,South East,151606.0,12743.0,9105.0,71.5%,,177541,33816,31077,29860,29702,30308,30101,29805,29470,29315,28191,1434353,320521,284007,421699,684438,943978,1041948,914930,765319,923480,1159174,1470506,1393557,1552691,1938756,1796702,1646650,1229545,816206
2020-06-01,South West,86800.0,8673.0,6390.0,73.7%,,129247,33816,31077,29860,29702,30308,30101,29805,29470,29315,28191,1434353,320521,284007,421699,684438,943978,1041948,914930,765319,923480,1159174,1470506,1393557,1552691,1938756,1796702,1646650,1229545,816206
2020-07-01,East of England,126539.0,9501.0,7423.0,78.1%,,123079,33816,31077,29860,29702,30308,30101,29805,29470,29315,28191,1434353,320521,284007,421699,684438,943978,1041948,914930,765319,923480,1159174,1470506,1393557,1552691,1938756,1796702,1646650,1229545,816206
2020-07-01,London,173449.0,12108.0,9628.0,79.5%,,216346,33816,31077,29860,29702,30308,30101,29805,29470,29315,28191,1434353,320521,284007,421699,684438,943978,1041948,914930,765319,923480,1159174,1470506,1393557,1552691,1938756,1796702,1646650,1229545,816206
2020-07-01,Midlands,198572.0,17292.0,12945.0,74.9%,,246745,33816,31077,29860,29702,30308,30101,29805,29470,29315,28191,1434353,320521,284007,421699,684438,943978,1041948,914930,765319,923480,1159174,1470506,1393557,1552691,1938756,1796702,1646650,1229545,816206
2020-07-01,North East and Yorkshire,190338.0,15775.0,11771.0,74.6%,,222387,33816,31077,29860,29702,30308,30101,29805,29470,29315,28191,1434353,320521,284007,421699,684438,943978,1041948,914930,765319,923480,1159174,1470506,1393557,1552691,1938756,1796702,1646650,1229545,816206
2020-07-01,North West,165504.0,13421.0,9858.0,73.5%,,202580,33816,31077,29860,29702,30308,30101,29805,29470,29315,28191,1434353,320521,284007,421699,684438,943978,1041948,914930,765319,923480,1159174,1470506,1393557,1552691,1938756,1796702,1646650,1229545,816206
2020-07-01,South East,166108.0,12848.0,9708.0,75.6%,,177677,33816,31077,29860,29702,30308,30101,29805,29470,29315,28191,1434353,320521,284007,421699,684438,943978,1041948,914930,765319,923480,1159174,1470506,1393557,1552691,1938756,1796702,1646650,1229545,816206
2020-07-01,South West,99911.0,8745.0,6864.0,78.5%,,128888,33816,31077,29860,29702,30308,30101,29805,29470,29315,28191,1434353,320521,284007,421699,684438,943978,1041948,914930,765319,923480,1159174,1470506,1393557,1552691,1938756,1796702,1646650,1229545,816206
2020-08-01,East of England,132236.0,9519.0,7971.0,83.7%,,122350,33816,31077,29860,29702,30308,30101,29805,29470,29315,28191,1434353,320521,284007,421699,684438,943978,1041948,914930,765319,923480,1159174,1470506,1393557,1552691,1938756,1796702,1646650,1229545,816206
2020-08-01,London,182133.0,12261.0,10318.0,84.2%,,215388,33816,31077,29860,29702,30308,30101,29805,29470,29315,28191,1434353,320521,284007,421699,684438,943978,1041948,914930,765319,923480,1159174,1470506,1393557,1552691,1938756,1796702,1646650,1229545,816206
2020-08-01,Midlands,209172.0,17249.0,13640.0,79.1%,,245572,33816,31077,29860,29702,30308,30101,29805,29470,29315,28191,1434353,320521,284007,421699,684438,943978,1041948,914930,765319,923480,1159174,1470506,1393557,1552691,1938756,1796702,1646650,1229545,816206
2020-08-01,North East and Yorkshire,197886.0,15799.0,12415.0,78.6%,,220310,33816,31077,29860,29702,30308,30101,29805,29470,29315,28191,1434353,320521,284007,421699,684438,943978,1041948,914930,765319,923480,1159174,1470506,1393557,1552691,1938756,1796702,1646650,1229545,816206
2020-08-01,North West,172755.0,13421.0,10566.0,78.7%,,200387,33816,31077,29860,29702,30308,30101,29805,29470,29315,28191,1434353,320521,284007,421699,684438,943978,1041948,914930,765319,923480,1159174,1470506,1393557,1552691,1938756,1796702,1646650,1229545,816206
2020-08-01,South East,177187.0,12638.0,10433.0,82.6%,,176545,33816,31077,29860,29702,30308,30101,29805,29470,29315,28191,1434353,320521,284007,421699,684438,943978,1041948,914930,765319,923480,1159174,1470506,1393557,1552691,1938756,1796702,1646650,1229545,816206
2020-08-01,South West,106249.0,8940.0,7267.0,81.3%,,128299,33816,31077,29860,29702,30308,30101,29805,29470,29315,28191,1434353,320521,284007,421699,684438,943978,1041948,914930,765319,923480,1159174,1470506,1393557,1552691,1938756,1796702,1646650,1229545,816206
2020-09-01,East of England,129387.0,9787.0,8456.0,86.4%,,122955,33816,31077,29860,29702,30308,30101,29805,29470,29315,28191,1434353,320521,284007,421699,684438,943978,1041948,914930,765319,923480,1159174,1470506,1393557,1552691,1938756,1796702,1646650,1229545,816206
2020-09-01,London,186721.0,12444.0,10853.0,87.2%,,214549,33816,31077,29860,29702,30308,30101,29805,29470,29315,28191,1434353,320521,284007,421699,684438,943978,1041948,914930,765319,923480,1159174,1470506,1393557,1552691,1938756,1796702,1646650,1229545,816206
2020-09-01,Midlands,208653.0,17171.0,14365.0,83.7%,,245817,33816,31077,29860,29702,30308,30101,29805,29470,29315,28191,1434353,320521,284007,421699,684438,943978,1041948,914930,765319,923480,1159174,1470506,1393557,1552691,1938756,1796702,1646650,1229545,816206
2020-09-01,North East and Yorkshire,194728.0,15811.0,13023.0,82.4%,,220313,33816,31077,29860,29702,30308,30101,29805,29470,29315,28191,1434353,320521,284007,421699,684438,943978,1041948,914930,765319,923480,1159174,1470506,1393557,1552691,1938756,1796702,1646650,1229545,816206
2020-09-01,North West,168377.0,13530.0,11377.0,84.1%,,200526,33816,31077,29860,29702,30308,30101,29805,29470,29315,28191,1434353,320521,284007,421699,684438,943978,1041948,914930,765319,923480,1159174,1470506,1393557,1552691,1938756,1796702,1646650,1229545,816206
2020-09-01,South East,171872.0,12403.0,10724.0,86.5%,,177229,33816,31077,29860,29702,30308,30101,29805,29470,29315,28191,1434353,320521,284007,421699,684438,943978,1041948,914930,765319,923480,1159174,1470506,1393557,1552691,1938756,1796702,1646650,1229545,816206
2020-09-01,South West,101008.0,9087.0,7743.0,85.2%,,129014,33816,31077,29860,29702,30308,30101,29805,29470,29315,28191,1434353,320521,284007,421699,684438,943978,1041948,914930,765319,923480,1159174,1470506,1393557,1552691,1938756,1796702,1646650,1229545,816206
2020-10-01,East of England,124464.0,9878.0,8524.0,86.3%,,123261,33816,31077,29860,29702,30308,30101,29805,29470,29315,28191,1434353,320521,284007,421699,684438,943978,1041948,914930,765319,923480,1159174,1470506,1393557,1552691,1938756,1796702,1646650,1229545,816206
2020-10-01,London,179990.0,12735.0,11060.0,86.8%,,215200,33816,31077,29860,29702,30308,30101,29805,29470,29315,28191,1434353,320521,284007,421699,684438,943978,1041948,914930,765319,923480,1159174,1470506,1393557,1552691,1938756,1796702,1646650,1229545,816206
2020-10-01,Midlands,199071.0,17254.0,14617.0,84.7%,,246311,33816,31077,29860,29702,30308,30101,29805,29470,29315,28191,1434353,320521,284007,421699,684438,943978,1041948,914930,765319,923480,1159174,1470506,1393557,1552691,1938756,1796702,1646650,1229545,816206
2020-10-01,North East and Yorkshire,186106.0,15861.0,13313.0,83.9%,,220571,33816,31077,29860,29702,30308,30101,29805,29470,29315,28191,1434353,320521,284007,421699,684438,943978,1041948,914930,765319,923480,1159174,1470506,1393557,1552691,1938756,1796702,1646650,1229545,816206
2020-10-01,North West,159408.0,13715.0,11551.0,84.2%,,200667,33816,31077,29860,29702,30308,30101,29805,29470,29315,28191,1434353,320521,284007,421699,684438,943978,1041948,914930,765319,923480,1159174,1470506,1393557,1552691,1938756,1796702,1646650,1229545,816206
2020-10-01,South East,162255.0,12437.0,10855.0,87.3%,,177776,33816,31077,29860,29702,30308,30101,29805,29470,29315,28191,1434353,320521,284007,421699,684438,943978,1041948,914930,765319,923480,1159174,1470506,1393557,1552691,1938756,1796702,1646650,1229545,816206
2020-10-01,South West,96167.0,9122.0,7969.0,87.4%,,129340,33816,31077,29860,29702,30308,30101,29805,29470,29315,28191,1434353,320521,284007,421699,684438,943978,1041948,914930,765319,923480,1159174,1470506,1393557,1552691,1938756,1796702,1646650,1229545,816206
2020-11-01,East of England,116065.0,9624.0,8413.0,87.4%,,124191,33816,31077,29860,29702,30308,30101,29805,29470,29315,28191,1434353,320521,284007,421699,684438,943978,1041948,914930,765319,923480,1159174,1470506,1393557,1552691,1938756,1796702,1646650,1229545,816206
2020-11-01,London,171596.0,12659.0,11071.0,87.5%,,216514,33816,31077,29860,29702,30308,30101,29805,29470,29315,28191,1434353,320521,284007,421699,684438,943978,1041948,914930,765319,923480,1159174,1470506,1393557,1552691,1938756,1796702,1646650,1229545,816206
2020-11-01,Midlands,183374.0,17090.0,14868.0,87.0%,,247823,33816,31077,29860,29702,30308,30101,29805,29470,29315,28191,1434353,320521,284007,421699,684438,943978,1041948,914930,765319,923480,1159174,1470506,1393557,1552691,1938756,1796702,1646650,1229545,816206
2020-11-01,North East and Yorkshire,169822.0,15454.0,13388.0,86.6%,,221293,33816,31077,29860,29702,30308,30101,29805,29470,29315,28191,1434353,320521,284007,421699,684438,943978,1041948,914930,765319,923480,1159174,1470506,1393557,1552691,1938756,1796702,1646650,1229545,816206
2020-11-01,North West,150696.0,13038.0,11439.0,87.7%,,201706,33816,31077,29860,29702,30308,30101,29805,29470,29315,28191,1434353,320521,284007,421699,684438,943978,1041948,914930,765319,923480,1159174,1470506,1393557,1552691,1938756,1796702,1646650,1229545,816206
2020-11-01,South East,152798.0,12254.0,10768.0,87.9%,,178975,33816,31077,29860,29702,30308,30101,29805,29470,29315,28191,1434353,320521,284007,421699,684438,943978,1041948,914930,765319,923480,1159174,1470506,1393557,1552691,1938756,1796702,1646650,1229545,816206
2020-11-01,South West,86033.0,8798.0,7749.0,88.1%,,130102,33816,31077,29860,29702,30308,30101,29805,29470,29315,28191,1434353,320521,284007,421699,684438,943978,1041948,914930,765319,923480,1159174,1470506,1393557,1552691,1938756,1796702,1646650,1229545,816206
2020-12-01,East of England,112184.0,9648.0,8504.0,88.1%,,124171,33816,31077,29860,29702,30308,30101,29805,29470,29315,28191,1434353,320521,284007,421699,684438,943978,1041948,914930,765319,923480,1159174,1470506,1393557,1552691,1938756,1796702,1646650,1229545,816206
2020-12-01,London,173514.0,12616.0,11267.0,89.3%,,216351,33816,31077,29860,29702,30308,30101,29805,29470,29315,28191,1434353,320521,284007,421699,684438,943978,1041948,914930,765319,923480,1159174,1470506,1393557,1552691,1938756,1796702,1646650,1229545,816206
2020-12-01,Midlands,181910.0,17161.0,14701.0,85.7%,,247670,33816,31077,29860,29702,30308,30101,29805,29470,29315,28191,1434353,320521,284007,421699,684438,943978,1041948,914930,765319,923480,1159174,1470506,1393557,1552691,1938756,1796702,1646650,1229545,816206
2020-12-01,North East and Yorkshire,171646.0,15450.0,13120.0,84.9%,,221064,33816,31077,29860,29702,30308,30101,29805,29470,29315,28191,1434353,320521,284007,421699,684438,943978,1041948,914930,765319,923480,1159174,1470506,1393557,1552691,1938756,1796702,1646650,1229545,816206
2020-12-01,North West,154405.0,13061.0,11309.0,86.6%,,201447,33816,31077,29860,29702,30308,30101,29805,29470,29315,28191,1434353,320521,284007,421699,684438,943978,1041948,914930,765319,923480,1159174,1470506,1393557,1552691,1938756,1796702,1646650,1229545,816206
2020-12-01,South East,146132.0,12216.0,10792.0,88.3%,,179003,33816,31077,29860,29702,30308,30101,29805,29470,29315,28191,1434353,320521,284007,421699,684438,943978,1041948,914930,765319,923480,1159174,1470506,1393557,1552691,1938756,1796702,1646650,1229545,816206
2020-12-01,South West,84170.0,8988.0,7822.0,87.0%,,129835,33816,31077,29860,29702,30308,30101,29805,29470,29315,28191,1434353,320521,284007,421699,684438,943978,1041948,914930,765319,923480,1159174,1470506,1393557,1552691,1938756,1796702,1646650,1229545,816206
2021-01-01,East of England,98619.0,9641.0,8444.0,87.6%,,125035,25509,23265,22541,22338,22380,22274,21999,21758,21315,20549,1074763,195036,200264,310745,520134,752287,868414,728950,603986,685585,880150,1021640,1095514,1163171,1475395,1407265,1292475,1007002,685169
2021-01-01,London,149339.0,12796.0,11493.0,89.8%,,217571,25509,23265,22541,22338,22380,22274,21999,21758,21315,20549,1074763,195036,200264,310745,520134,752287,868414,728950,603986,685585,880150,1021640,1095514,1163171,1475395,1407265,1292475,1007002,685169
2021-01-01,Midlands,165930.0,17568.0,15270.0,86.9%,,249193,25509,23265,22541,22338,22380,22274,21999,21758,21315,20549,1074763,195036,200264,310745,520134,752287,868414,728950,603986,685585,880150,1021640,1095514,1163171,1475395,1407265,1292475,1007002,685169
2021-01-01,North East and Yorkshire,161070.0,15692.0,13472.0,85.9%,,222385,25509,23265,22541,22338,22380,22274,21999,21758,21315,20549,1074763,195036,200264,310745,520134,752287,868414,728950,603986,685585,880150,1021640,1095514,1163171,1475395,1407265,1292475,1007002,685169
2021-01-01,North West,141881.0,13428.0,11668.0,86.9%,,202911,25509,23265,22541,22338,22380,22274,21999,21758,21315,20549,1074763,195036,200264,310745,520134,752287,868414,728950,603986,685585,880150,1021640,1095514,1163171,1475395,1407265,1292475,1007002,685169
2021-01-01,South East,128760.0,12424.0,10989.0,88.4%,,180629,25509,23265,22541,22338,22380,22274,21999,21758,21315,20549,1074763,195036,200264,310745,520134,752287,868414,728950,603986,685585,880150,1021640,1095514,1163171,1475395,1407265,1292475,1007002,685169
2021-01-01,South West,73651.0,9080.0,7952.0,87.6%,,130745,25509,23265,22541,22338,22380,22274,21999,21758,21315,20549,1074763,195036,200264,310745,520134,752287,868414,728950,603986,685585,880150,1021640,1095514,1163171,1475395,1407265,1292475,1007002,685169
2021-02-01,East of England,96441.0,9570.0,8187.0,85.5%,,126650,25509,23265,22541,22338,22380,22274,21999,21758,21315,20549,1074763,195036,200264,310745,520134,752287,868414,728950,603986,685585,880150,1021640,1095514,1163171,1475395,1407265,1292475,1007002,685169
2021-02-01,London,143690.0,12271.0,10468.0,85.3%,,218710,25509,23265,22541,22338,22380,22274,21999,21758,21315,20549,1074763,195036,200264,310745,520134,752287,868414,728950,603986,685585,880150,1021640,1095514,1163171,1475395,1407265,1292475,1007002,685169
2021-02-01,Midlands,158407.0,17411.0,14913.0,85.7%,,250959,25509,23265,22541,22338,22380,22274,21999,21758,21315,20549,1074763,195036,200264,310745,520134,752287,868414,728950,603986,685585,880150,1021640,1095514,1163171,1475395,1407265,1292475,1007002,685169
2021-02-01,North East and Yorkshire,154648.0,15690.0,13286.0,84.7%,,224490,25509,23265,22541,22338,22380,22274,21999,21758,21315,20549,1074763,195036,200264,310745,520134,752287,868414,728950,603986,685585,880150,1021640,1095514,1163171,1475395,1407265,1292475,1007002,685169
2021-02-01,North West,134275.0,13635.0,11512.0,84.4%,,205309,25509,23265,22541,22338,22380,22274,21999,21758,21315,20549,1074763,195036,200264,310745,520134,752287,868414,728950,603986,685585,880150,1021640,1095514,1163171,1475395,1407265,1292475,1007002,685169
2021-02-01,South East,121584.0,12150.0,10440.0,85.9%,,181860,25509,23265,22541,22338,22380,22274,21999,21758,21315,20549,1074763,195036,200264,310745,520134,752287,868414,728950,603986,685585,880150,1021640,1095514,1163171,1475395,1407265,1292475,1007002,685169
2021-02-01,South West,71394.0,9130.0,7907.0,86.6%,,132039,25509,23265,22541,22338,22380,22274,21999,21758,21315,20549,1074763,195036,200264,310745,520134,752287,868414,728950,603986,685585,880150,1021640,1095514,1163171,1475395,1407265,1292475,1007002,685169
2021-03-01,East of England,124023.0,9622.0,8274.0,86.0%,,128019,25509,23265,22541,22338,22380,22274,21999,21758,21315,20549,1074763,195036,200264,310745,520134,752287,868414,728950,603986,685585,880150,1021640,1095514,1163171,1475395,1407265,1292475,1007002,685169
2021-03-01,London,184260.0,12232.0,10411.0,85.1%,,219818,25509,23265,22541,22338,22380,22274,21999,21758,21315,20549,1074763,195036,200264,310745,520134,752287,868414,728950,603986,685585,880150,1021640,1095514,1163171,1475395,1407265,1292475,1007002,685169
2021-03-01,Midlands,204392.0,17278.0,14668.0,84.9%,,252680,25509,23265,22541,22338,22380,22274,21999,21758,21315,20549,1074763,195036,200264,310745,520134,752287,868414,728950,603986,685585,880150,1021640,1095514,1163171,1475395,1407265,1292475,1007002,685169
2021-03-01,North East and Yorkshire,196290.0,15698.0,13136.0,83.7%,,226032,25509,23265,22541,22338,22380,22274,21999,21758,21315,20549,1074763,195036,200264,310745,520134,752287,868414,728950,603986,685585,880150,1021640,1095514,1163171,1475395,1407265,1292475,1007002,685169
2021-03-01,North West,173869.0,13566.0,11431.0,84.3%,,206525,25509,23265,22541,22338,22380,22274,21999,21758,21315,20549,1074763,195036,200264,310745,520134,752287,868414,728950,603986,685585,880150,1021640,1095514,1163171,1475395,1407265,1292475,1007002,685169
2021-03-01,South East,153643.0,12058.0,10323.0,85.6%,,183122,25509,23265,22541,22338,22380,22274,21999,21758,21315,20549,1074763,195036,200264,310745,520134,752287,868414,728950,603986,685585,880150,1021640,1095514,1163171,1475395,1407265,1292475,1007002,685169
2021-03-01,South West,92202.0,9171.0,7972.0,86.9%,,132915,25509,23265,22541,22338,22380,22274,21999,21758,21315,20549,1074763,195036,200264,310745,520134,752287,868414,728950,603986,685585,880150,1021640,1095514,1163171,1475395,1407265,1292475,1007002,685169
2021-04-01,East of England,134853.0,9642.0,8457.0,87.7%,,127830,25509,23265,22541,22338,22380,22274,21999,21758,21315,20549,1074763,195036,200264,310745,520134,752287,868414,728950,603986,685585,880150,1021640,1095514,1163171,1475395,1407265,1292475,1007002,685169
2021-04-01,London,200523.0,12543.0,10883.0,86.8%,,219927,25509,23265,22541,22338,22380,22274,21999,21758,21315,20549,1074763,195036,200264,310745,520134,752287,868414,728950,603986,685585,880150,1021640,1095514,1163171,1475395,1407265,1292475,1007002,685169
2021-04-01,Midlands,218848.0,17423.0,15018.0,86.2%,,252320,25509,23265,22541,22338,22380,22274,21999,21758,21315,20549,1074763,195036,200264,310745,520134,752287,868414,728950,603986,685585,880150,1021640,1095514,1163171,1475395,1407265,1292475,1007002,685169
2021-04-01,North East and Yorkshire,211576.0,15693.0,13291.0,84.7%,,225671,25509,23265,22541,22338,22380,22274,21999,21758,21315,20549,1074763,195036,200264,310745,520134,752287,868414,728950,603986,685585,880150,1021640,1095514,1163171,1475395,1407265,1292475,1007002,685169
2021-04-01,North West,187919.0,13391.0,11507.0,85.9%,,205664,25509,23265,22541,22338,22380,22274,21999,21758,21315,20549,1074763,195036,200264,310745,520134,752287,868414,728950,603986,685585,880150,1021640,1095514,1163171,1475395,1407265,1292475,1007002,685169
2021-04-01,South East,168114.0,12358.0,10672.0,86.4%,,183321,25509,23265,22541,22338,22380,22274,21999,21758,21315,20549,1074763,195036,200264,310745,520134,752287,868414,728950,603986,685585,880150,1021640,1095514,1163171,1475395,1407265,1292475,1007002,685169
2021-04-01,South West,100951.0,9243.0,8183.0,88.5%,,132307,25509,23265,22541,22338,22380,22274,21999,21758,21315,20549,1074763,195036,200264,310745,520134,752287,868414,728950,603986,685585,880150,1021640,1095514,1163171,1475395,1407265,1292475,1007002,685169
2021-05-01,East of England,150008.0,9722.0,8696.0,89.4%,,127844,25509,23265,22541,22338,22380,22274,21999,21758,21315,20549,1074763,195036,200264,310745,520134,752287,868414,728950,603986,685585,880150,1021640,1095514,1163171,1475395,1407265,1292475,1007002,685169
2021-05-01,London,220029.0,12892.0,11373.0,88.2%,,219791,25509,23265,22541,22338,22380,22274,21999,21758,21315,20549,1074763,195036,200264,310745,520134,752287,868414,728950,603986,685585,880150,1021640,1095514,1163171,1475395,1407265,1292475,1007002,685169
2021-05-01,Midlands,245871.0,17433.0,15413.0,88.4%,,251972,25509,23265,22541,22338,22380,22274,21999,21758,21315,20549,1074763,195036,200264,310745,520134,752287,868414,728950,603986,685585,880150,1021640,1095514,1163171,1475395,1407265,1292475,1007002,685169
2021-05-01,North East and Yorkshire,229240.0,15899.0,13783.0,86.7%,,224980,25509,23265,22541,22338,22380,22274,21999,21758,21315,20549,1074763,195036,200264,310745,520134,752287,868414,728950,603986,685585,880150,1021640,1095514,1163171,1475395,1407265,1292475,1007002,685169
2021-05-01,North West,207892.0,13453.0,11756.0,87.4%,,205398,25509,23265,22541,22338,22380,22274,21999,21758,21315,20549,1074763,195036,200264,310745,520134,752287,868414,728950,603986,685585,880150,1021640,1095514,1163171,1475395,1407265,1292475,1007002,685169
2021-05-01,South East,188781.0,12609.0,11092.0,88.0%,,183161,25509,23265,22541,22338,22380,22274,21999,21758,21315,20549,1074763,195036,200264,310745,520134,752287,868414,728950,603986,685585,880150,1021640,1095514,1163171,1475395,1407265,1292475,1007002,685169
2021-05-01,South West,111228.0,9335.0,8465.0,90.7%,,132102,25509,23265,22541,22338,22380,22274,21999,21758,21315,20549,1074763,195036,200264,310745,520134,752287,868414,728950,603986,685585,880150,1021640,1095514,1163171,1475395,1407265,1292475,1007002,685169
2021-06-01,East of England,155735.0,9781.0,8947.0,91.5%,,127925,25509,23265,22541,22338,22380,22274,21999,21758,21315,20549,1074763,195036,200264,310745,520134,752287,868414,728950,603986,685585,880150,1021640,1095514,1163171,1475395,1407265,1292475,1007002,685169
2021-06-01,London,232343.0,12940.0,11496.0,88.8%,,220568,25509,23265,22541,22338,22380,22274,21999,21758,21315,20549,1074763,195036,200264,310745,520134,752287,868414,728950,603986,685585,880150,1021640,1095514,1163171,1475395,1407265,1292475,1007002,685169
2021-06-01,Midlands,253505.0,17518.0,15627.0,89.2%,,252192,25509,23265,22541,22338,22380,22274,21999,21758,21315,20549,1074763,195036,200264,310745,520134,752287,868414,728950,603986,685585,880150,1021640,1095514,1163171,1475395,1407265,1292475,1007002,685169
2021-06-01,North East and Yorkshire,234285.0,15879.0,13870.0,87.3%,,225401,25509,23265,22541,22338,22380,22274,21999,21758,21315,20549,1074763,195036,200264,310745,520134,752287,868414,728950,603986,685585,880150,1021640,1095514,1163171,1475395,1407265,1292475,1007002,685169
2021-06-01,North West,207566.0,13680.0,12040.0,88.0%,,205653,25509,23265,22541,22338,22380,22274,21999,21758,21315,20549,1074763,195036,200264,310745,520134,752287,868414,728950,603986,685585,880150,1021640,1095514,1163171,1475395,1407265,1292475,1007002,685169
2021-06-01,South East,196963.0,12668.0,11402.0,90.0%,,183215,25509,23265,22541,22338,22380,22274,21999,21758,21315,20549,1074763,195036,200264,310745,520134,752287,868414,728950,603986,685585,880150,1021640,1095514,1163171,1475395,1407265,1292475,1007002,685169
2021-06-01,South West,117483.0,9312.0,8488.0,91.2%,,132011,25509,23265,22541,22338,22380,22274,21999,21758,21315,20549,1074763,195036,200264,310745,520134,752287,868414,728950,603986,685585,880150,1021640,1095514,1163171,1475395,1407265,1292475,1007002,685169
2021-07-01,East of England,152139.0,9885.0,8999.0,91.0%,,128358,25509,23265,22541,22338,22380,22274,21999,21758,21315,20549,1074763,195036,200264,310745,520134,752287,868414,728950,603986,685585,880150,1021640,1095514,1163171,1475395,1407265,1292475,1007002,685169
2021-07-01,London,231886.0,12978.0,11518.0,88.8%,,220068,25509,23265,22541,22338,22380,22274,21999,21758,21315,20549,1074763,195036,200264,310745,520134,752287,868414,728950,603986,685585,880150,1021640,1095514,1163171,1475395,1407265,1292475,1007002,685169
2021-07-01,Midlands,254148.0,17669.0,15929.0,90.2%,,252262,25509,23265,22541,22338,22380,22274,21999,21758,21315,20549,1074763,195036,200264,310745,520134,752287,868414,728950,603986,685585,880150,1021640,1095514,1163171,1475395,1407265,1292475,1007002,685169
2021-07-01,North East and Yorkshire,232809.0,15914.0,14054.0,88.3%,,225325,25509,23265,22541,22338,22380,22274,21999,21758,21315,20549,1074763,195036,200264,310745,520134,752287,868414,728950,603986,685585,880150,1021640,1095514,1163171,1475395,1407265,1292475,1007002,685169
2021-07-01,North West,210914.0,13698.0,12053.0,88.0%,,205509,25509,23265,22541,22338,22380,22274,21999,21758,21315,20549,1074763,195036,200264,310745,520134,752287,868414,728950,603986,685585,880150,1021640,1095514,1163171,1475395,1407265,1292475,1007002,685169
2021-07-01,South East,195143.0,12784.0,11585.0,90.6%,,183042,25509,23265,22541,22338,22380,22274,21999,21758,21315,20549,1074763,195036,200264,310745,520134,752287,868414,728950,603986,685585,880150,1021640,1095514,1163171,1475395,1407265,1292475,1007002,685169
2021-07-01,South West,118948.0,9429.0,8553.0,90.7%,,132209,25509,23265,22541,22338,22380,22274,21999,21758,21315,20549,1074763,195036,200264,310745,520134,752287,868414,728950,603986,685585,880150,1021640,1095514,1163171,1475395,1407265,1292475,1007002,685169
2021-08-01,East of England,144170.0,9889.0,9021.0,91.2%,,128476,25509,23265,22541,22338,22380,22274,21999,21758,21315,20549,1074763,195036,200264,310745,520134,752287,868414,728950,603986,685585,880150,1021640,1095514,1163171,1475395,1407265,1292475,1007002,685169
2021-08-01,London,214371.0,12993.0,11690.0,90.0%,,221157,25509,23265,22541,22338,22380,22274,21999,21758,21315,20549,1074763,195036,200264,310745,520134,752287,868414,728950,603986,685585,880150,1021640,1095514,1163171,1475395,1407265,1292475,1007002,685169
2021-08-01,Midlands,237359.0,17626.0,15968.0,90.6%,,252660,25509,23265,22541,22338,22380,22274,21999,21758,21315,20549,1074763,195036,200264,310745,520134,752287,868414,728950,603986,685585,880150,1021640,1095514,1163171,1475395,1407265,1292475,1007002,685169
2021-08-01,North East and Yorkshire,218156.0,16078.0,14189.0,88.3%,,225530,25509,23265,22541,22338,22380,22274,21999,21758,21315,20549,1074763,195036,200264,310745,520134,752287,868414,728950,603986,685585,880150,1021640,1095514,1163171,1475395,1407265,1292475,1007002,685169
2021-08-01,North West,192305.0,13759.0,12171.0,88.5%,,206146,25509,23265,22541,22338,22380,22274,21999,21758,21315,20549,1074763,195036,200264,310745,520134,752287,868414,728950,603986,685585,880150,1021640,1095514,1163171,1475395,1407265,1292475,1007002,685169
2021-08-01,South East,186363.0,12675.0,11619.0,91.7%,,183344,25509,23265,22541,22338,22380,22274,21999,21758,21315,20549,1074763,195036,200264,310745,520134,752287,868414,728950,603986,685585,880150,1021640,1095514,1163171,1475395,1407265,1292475,1007002,685169
2021-08-01,South West,114365.0,9424.0,8652.0,91.8%,,132371,25509,23265,22541,22338,22380,22274,21999,21758,21315,20549,1074763,195036,200264,310745,520134,752287,868414,728950,603986,685585,880150,1021640,1095514,1163171,1475395,1407265,1292475,1007002,685169
2021-09-01,East of England,148807.0,9949.0,9168.0,92.1%,,128975,25509,23265,22541,22338,22380,22274,21999,21758,21315,20549,1074763,195036,200264,310745,520134,752287,868414,728950,603986,685585,880150,1021640,1095514,1163171,1475395,1407265,1292475,1007002,685169
2021-09-01,London,231528.0,13024.0,11957.0,91.8%,,222227,25509,23265,22541,22338,22380,22274,21999,21758,21315,20549,1074763,195036,200264,310745,520134,752287,868414,728950,603986,685585,880150,1021640,1095514,1163171,1475395,1407265,1292475,1007002,685169
2021-09-01,Midlands,247883.0,17737.0,16252.0,91.6%,,253582,25509,23265,22541,22338,22380,22274,21999,21758,21315,20549,1074763,195036,200264,310745,520134,752287,868414,728950,603986,685585,880150,1021640,1095514,1163171,1475395,1407265,1292475,1007002,685169
2021-09-01,North East and Yorkshire,223184.0,16187.0,14385.0,88.9%,,226694,25509,23265,22541,22338,22380,22274,21999,21758,21315,20549,1074763,195036,200264,310745,520134,752287,868414,728950,603986,685585,880150,1021640,1095514,1163171,1475395,1407265,1292475,1007002,685169
2021-09-01,North West,199874.0,13898.0,12473.0,89.7%,,207180,25509,23265,22541,22338,22380,22274,21999,21758,21315,20549,1074763,195036,200264,310745,520134,752287,868414,728950,603986,685585,880150,1021640,1095514,1163171,1475395,1407265,1292475,1007002,685169
2021-09-01,South East,193273.0,12811.0,11845.0,92.5%,,184443,25509,23265,22541,22338,22380,22274,21999,21758,21315,20549,1074763,195036,200264,310745,520134,752287,868414,728950,603986,685585,880150,1021640,1095514,1163171,1475395,1407265,1292475,1007002,685169
2021-09-01,South West,115042.0,9544.0,8818.0,92.4%,,133356,25509,23265,22541,22338,22380,22274,21999,21758,21315,20549,1074763,195036,200264,310745,520134,752287,868414,728950,603986,685585,880150,1021640,1095514,1163171,1475395,1407265,1292475,1007002,685169
2021-10-01,East of England,150860.0,10011.0,9290.0,92.8%,,129073,25509,23265,22541,22338,22380,22274,21999,21758,21315,20549,1074763,195036,200264,310745,520134,752287,868414,728950,603986,685585,880150,1021640,1095514,1163171,1475395,1407265,1292475,1007002,685169
2021-10-01,London,238868.0,13124.0,12084.0,92.1%,,223449,25509,23265,22541,22338,22380,22274,21999,21758,21315,20549,1074763,195036,200264,310745,520134,752287,868414,728950,603986,685585,880150,1021640,1095514,1163171,1475395,1407265,1292475,1007002,685169
2021-10-01,Midlands,250787.0,17746.0,16429.0,92.6%,,254330,25509,23265,22541,22338,22380,22274,21999,21758,21315,20549,1074763,195036,200264,310745,520134,752287,868414,728950,603986,685585,880150,1021640,1095514,1163171,1475395,1407265,1292475,1007002,685169
2021-10-01,North East and Yorkshire,227249.0,16288.0,14740.0,90.5%,,226650,25509,23265,22541,22338,22380,22274,21999,21758,21315,20549,1074763,195036,200264,310745,520134,752287,868414,728950,603986,685585,880150,1021640,1095514,1163171,1475395,1407265,1292475,1007002,685169
2021-10-01,North West,206994.0,13879.0,12697.0,91.5%,,207565,25509,23265,22541,22338,22380,22274,21999,21758,21315,20549,1074763,195036,200264,310745,520134,752287,868414,728950,603986,685585,880150,1021640,1095514,1163171,1475395,1407265,1292475,1007002,685169
2021-10-01,South East,194053.0,12927.0,12100.0,93.6%,,184849,25509,23265,22541,22338,22380,22274,21999,21758,21315,20549,1074763,195036,200264,310745,520134,752287,868414,728950,603986,685585,880150,1021640,1095514,1163171,1475395,1407265,1292475,1007002,685169
2021-10-01,South West,115571.0,9644.0,9004.0,93.4%,,133741,25509,23265,22541,22338,22380,22274,21999,21758,21315,20549,1074763,195036,200264,310745,520134,752287,868414,728950,603986,685585,880150,1021640,1095514,1163171,1475395,1407265,1292475,1007002,685169
2021-11-01,East of England,141090.0,10091.0,9383.0,93.0%,,129503,25509,23265,22541,22338,22380,22274,21999,21758,21315,20549,1074763,195036,200264,310745,520134,752287,868414,728950,603986,685585,880150,1021640,1095514,1163171,1475395,1407265,1292475,1007002,685169
2021-11-01,London,226642.0,13198.0,12311.0,93.3%,,224992,25509,23265,22541,22338,22380,22274,21999,21758,21315,20549,1074763,195036,200264,310745,520134,752287,868414,728950,603986,685585,880150,1021640,1095514,1163171,1475395,1407265,1292475,1007002,685169
2021-11-01,Midlands,234438.0,17888.0,16690.0,93.3%,,255771,25509,23265,22541,22338,22380,22274,21999,21758,21315,20549,1074763,195036,200264,310745,520134,752287,868414,728950,603986,685585,880150,1021640,1095514,1163171,1475395,1407265,1292475,1007002,685169
2021-11-01,North East and Yorkshire,214852.0,16462.0,15000.0,91.1%,,227542,25509,23265,22541,22338,22380,22274,21999,21758,21315,20549,1074763,195036,200264,310745,520134,752287,868414,728950,603986,685585,880150,1021640,1095514,1163171,1475395,1407265,1292475,1007002,685169
2021-11-01,North West,195625.0,14033.0,12889.0,91.8%,,208364,25509,23265,22541,22338,22380,22274,21999,21758,21315,20549,1074763,195036,200264,310745,520134,752287,868414,728950,603986,685585,880150,1021640,1095514,1163171,1475395,1407265,1292475,1007002,685169
2021-11-01,South East,181445.0,13025.0,12193.0,93.6%,,186205,25509,23265,22541,22338,22380,22274,21999,21758,21315,20549,1074763,195036,200264,310745,520134,752287,868414,728950,603986,685585,880150,1021640,1095514,1163171,1475395,1407265,1292475,1007002,685169
2021-11-01,South West,106854.0,9689.0,9100.0,93.9%,,134470,25509,23265,22541,22338,22380,22274,21999,21758,21315,20549,1074763,195036,200264,310745,520134,752287,868414,728950,603986,685585,880150,1021640,1095514,1163171,1475395,1407265,1292475,1007002,685169
2021-12-01,East of England,133502.0,10220.0,9269.0,90.7%,,128966,25509,23265,22541,22338,22380,22274,21999,21758,21315,20549,1074763,195036,200264,310745,520134,752287,868414,728950,603986,685585,880150,1021640,1095514,1163171,1475395,1407265,1292475,1007002,685169
2021-12-01,London,211492.0,13081.0,11982.0,91.6%,,224387,25509,23265,22541,22338,22380,22274,21999,21758,21315,20549,1074763,195036,200264,310745,520134,752287,868414,728950,603986,685585,880150,1021640,1095514,1163171,1475395,1407265,1292475,1007002,685169
2021-12-01,Midlands,217552.0,17958.0,16315.0,90.9%,,254926,25509,23265,22541,22338,22380,22274,21999,21758,21315,20549,1074763,195036,200264,310745,520134,752287,868414,728950,603986,685585,880150,1021640,1095514,1163171,1475395,1407265,1292475,1007002,685169
2021-12-01,North East and Yorkshire,200823.0,16444.0,14536.0,88.4%,,226822,25509,23265,22541,22338,22380,22274,21999,21758,21315,20549,1074763,195036,200264,310745,520134,752287,868414,728950,603986,685585,880150,1021640,1095514,1163171,1475395,1407265,1292475,1007002,685169
2021-12-01,North West,181914.0,14041.0,12602.0,89.8%,,207970,25509,23265,22541,22338,22380,22274,21999,21758,21315,20549,1074763,195036,200264,310745,520134,752287,868414,728950,603986,685585,880150,1021640,1095514,1163171,1475395,1407265,1292475,1007002,685169
2021-12-01,South East,171000.0,13033.0,11969.0,91.8%,,185769,25509,23265,22541,22338,22380,22274,21999,21758,21315,20549,1074763,195036,200264,310745,520134,752287,868414,728950,603986,685585,880150,1021640,1095514,1163171,1475395,1407265,1292475,1007002,685169
2021-12-01,South West,100397.0,9613.0,8925.0,92.8%,,134085,25509,23265,22541,22338,22380,22274,21999,21758,21315,20549,1074763,195036,200264,310745,520134,752287,868414,728950,603986,685585,880150,1021640,1095514,1163171,1475395,1407265,1292475,1007002,685169
2022-01-01,East of England,132730.0,10205.0,9327.0,91.4%,,129681,30630,28607,27079,26964,27317,26933,27471,27146,27277,25717,1348667,265175,264540,388677,604284,862850,1026278,883672,761419,811670,1074502,1265408,1372881,1450996,1807503,1793366,1512024,1153201,761054
2022-01-01,London,212364.0,13167.0,12061.0,91.6%,,226087,30630,28607,27079,26964,27317,26933,27471,27146,27277,25717,1348667,265175,264540,388677,604284,862850,1026278,883672,761419,811670,1074502,1265408,1372881,1450996,1807503,1793366,1512024,1153201,761054
2022-01-01,Midlands,218593.0,18208.0,16731.0,91.9%,,256789,30630,28607,27079,26964,27317,26933,27471,27146,27277,25717,1348667,265175,264540,388677,604284,862850,1026278,883672,761419,811670,1074502,1265408,1372881,1450996,1807503,1793366,1512024,1153201,761054
2022-01-01,North East and Yorkshire,198617.0,16473.0,14930.0,90.6%,,228089,30630,28607,27079,26964,27317,26933,27471,27146,27277,25717,1348667,265175,264540,388677,604284,862850,1026278,883672,761419,811670,1074502,1265408,1372881,1450996,1807503,1793366,1512024,1153201,761054
2022-01-01,North West,177888.0,13995.0,12793.0,91.4%,,208879,30630,28607,27079,26964,27317,26933,27471,27146,27277,25717,1348667,265175,264540,388677,604284,862850,1026278,883672,761419,811670,1074502,1265408,1372881,1450996,1807503,1793366,1512024,1153201,761054
2022-01-01,South East,172852.0,13129.0,12140.0,92.5%,,187149,30630,28607,27079,26964,27317,26933,27471,27146,27277,25717,1348667,265175,264540,388677,604284,862850,1026278,883672,761419,811670,1074502,1265408,1372881,1450996,1807503,1793366,1512024,1153201,761054
2022-01-01,South West,99663.0,9664.0,9102.0,94.2%,,134971,30630,28607,27079,26964,27317,26933,27471,27146,27277,25717,1348667,265175,264540,388677,604284,862850,1026278,883672,761419,811670,1074502,1265408,1372881,1450996,1807503,1793366,1512024,1153201,761054
2022-02-01,East of England,129778.0,10348.0,9539.0,92.2%,,130110,30630,28607,27079,26964,27317,26933,27471,27146,27277,25717,1348667,265175,264540,388677,604284,862850,1026278,883672,761419,811670,1074502,1265408,1372881,1450996,1807503,1793366,1512024,1153201,761054
2022-02-01,London,205179.0,13436.0,12454.0,92.7%,,226619,30630,28607,27079,26964,27317,26933,27471,27146,27277,25717,1348667,265175,264540,388677,604284,862850,1026278,883672,761419,811670,1074502,1265408,1372881,1450996,1807503,1793366,1512024,1153201,761054
2022-02-01,Midlands,211458.0,18318.0,16953.0,92.5%,,257591,30630,28607,27079,26964,27317,26933,27471,27146,27277,25717,1348667,265175,264540,388677,604284,862850,1026278,883672,761419,811670,1074502,1265408,1372881,1450996,1807503,1793366,1512024,1153201,761054
2022-02-01,North East and Yorkshire,192006.0,16540.0,15053.0,91.0%,,228481,30630,28607,27079,26964,27317,26933,27471,27146,27277,25717,1348667,265175,264540,388677,604284,862850,1026278,883672,761419,811670,1074502,1265408,1372881,1450996,1807503,1793366,1512024,1153201,761054
2022-02-01,North West,173551.0,14085.0,12965.0,92.0%,,209323,30630,28607,27079,26964,27317,26933,27471,27146,27277,25717,1348667,265175,264540,388677,604284,862850,1026278,883672,761419,811670,1074502,1265408,1372881,1450996,1807503,1793366,1512024,1153201,761054
2022-02-01,South East,166009.0,13287.0,12422.0,93.5%,,187747,30630,28607,27079,26964,27317,26933,27471,27146,27277,25717,1348667,265175,264540,388677,604284,862850,1026278,883672,761419,811670,1074502,1265408,1372881,1450996,1807503,1793366,1512024,1153201,761054
2022-02-01,South West,95880.0,9876.0,9367.0,94.8%,,135214,30630,28607,27079,26964,27317,26933,27471,27146,27277,25717,1348667,265175,264540,388677,604284,862850,1026278,883672,761419,811670,1074502,1265408,1372881,1450996,1807503,1793366,1512024,1153201,761054
2022-03-01,East of England,151587.0,10326.0,9550.0,92.5%,,130398,30630,28607,27079,26964,27317,26933,27471,27146,27277,25717,1348667,265175,264540,388677,604284,862850,1026278,883672,761419,811670,1074502,1265408,1372881,1450996,1807503,1793366,1512024,1153201,761054
2022-03-01,London,239798.0,13386.0,12464.0,93.1%,,227341,30630,28607,27079,26964,27317,26933,27471,27146,27277,25717,1348667,265175,264540,388677,604284,862850,1026278,883672,761419,811670,1074502,1265408,1372881,1450996,1807503,1793366,1512024,1153201,761054
2022-03-01,Midlands,249504.0,18313.0,16937.0,92.5%,,258114,30630,28607,27079,26964,27317,26933,27471,27146,27277,25717,1348667,265175,264540,388677,604284,862850,1026278,883672,761419,811670,1074502,1265408,1372881,1450996,1807503,1793366,1512024,1153201,761054
2022-03-01,North East and Yorkshire,229360.0,16591.0,15106.0,91.0%,,228712,30630,28607,27079,26964,27317,26933,27471,27146,27277,25717,1348667,265175,264540,388677,604284,862850,1026278,883672,761419,811670,1074502,1265408,1372881,1450996,1807503,1793366,1512024,1153201,761054
2022-03-01,North West,207973.0,14149.0,13016.0,92.0%,,209811,30630,28607,27079,26964,27317,26933,27471,27146,27277,25717,1348667,265175,264540,388677,604284,862850,1026278,883672,761419,811670,1074502,1265408,1372881,1450996,1807503,1793366,1512024,1153201,761054
2022-03-01,South East,197863.0,13263.0,12413.0,93.6%,,188084,30630,28607,27079,26964,27317,26933,27471,27146,27277,25717,1348667,265175,264540,388677,604284,862850,1026278,883672,761419,811670,1074502,1265408,1372881,1450996,1807503,1793366,1512024,1153201,761054
2022-03-01,South West,110888.0,9917.0,9382.0,94.6%,,135591,30630,28607,27079,26964,27317,26933,27471,27146,27277,25717,1348667,265175,264540,388677,604284,862850,1026278,883672,761419,811670,1074502,1265408,1372881,1450996,1807503,1793366,1512024,1153201,761054
2022-04-01,East of England,137648.0,10386.0,9561.0,92.1%,37029.0,129882,30630,28607,27079,26964,27317,26933,27471,27146,27277,25717,1348667,265175,264540,388677,604284,862850,1026278,883672,761419,811670,1074502,1265408,1372881,1450996,1807503,1793366,1512024,1153201,761054
2022-04-01,London,221715.0,13390.0,12459.0,93.0%,31207.0,226670,30630,28607,27079,26964,27317,26933,27471,27146,27277,25717,1348667,265175,264540,388677,604284,862850,1026278,883672,761419,811670,1074502,1265408,1372881,1450996,1807503,1793366,1512024,1153201,761054
2022-04-01,Midlands,232131.0,18395.0,17006.0,92.4%,58037.0,257376,30630,28607,27079,26964,27317,26933,27471,27146,27277,25717,1348667,265175,264540,388677,604284,862850,1026278,883672,761419,811670,1074502,1265408,1372881,1450996,1807503,1793366,1512024,1153201,761054
2022-04-01,North East and Yorkshire,209152.0,16859.0,15381.0,91.2%,69473.0,228124,30630,28607,27079,26964,27317,26933,27471,27146,27277,25717,1348667,265175,264540,388677,604284,862850,1026278,883672,761419,811670,1074502,1265408,1372881,1450996,1807503,1793366,1512024,1153201,761054
2022-04-01,North West,191124.0,14231.0,13095.0,92.0%,66362.0,209117,30630,28607,27079,26964,27317,26933,27471,27146,27277,25717,1348667,265175,264540,388677,604284,862850,1026278,883672,761419,811670,1074502,1265408,1372881,1450996,1807503,1793366,1512024,1153201,761054
2022-04-01,South East,182091.0,13408.0,12499.0,93.2%,55757.0,187175,30630,28607,27079,26964,27317,26933,27471,27146,27277,25717,1348667,265175,264540,388677,604284,862850,1026278,883672,761419,811670,1074502,1265408,1372881,1450996,1807503,1793366,1512024,1153201,761054
2022-04-01,South West,105684.0,9956.0,9439.0,94.8%,59834.0,135306,30630,28607,27079,26964,27317,26933,27471,27146,27277,25717,1348667,265175,264540,388677,604284,862850,1026278,883672,761419,811670,1074502,1265408,1372881,1450996,1807503,1793366,1512024,1153201,761054
2022-05-01,East of England,154302.0,10377.0,9626.0,92.8%,35564.0,130042,30630,28607,27079,26964,27317,26933,27471,27146,27277,25717,1348667,265175,264540,388677,604284,862850,1026278,883672,761419,811670,1074502,1265408,1372881,1450996,1807503,1793366,1512024,1153201,761054
2022-05-01,London,244217.0,13424.0,12546.0,93.5%,34159.0,227234,30630,28607,27079,26964,27317,26933,27471,27146,27277,25717,1348667,265175,264540,388677,604284,862850,1026278,883672,761419,811670,1074502,1265408,1372881,1450996,1807503,1793366,1512024,1153201,761054
2022-05-01,Midlands,253124.0,18465.0,17184.0,93.1%,60382.0,258294,30630,28607,27079,26964,27317,26933,27471,27146,27277,25717,1348667,265175,264540,388677,604284,862850,1026278,883672,761419,811670,1074502,1265408,1372881,1450996,1807503,1793366,1512024,1153201,761054
2022-05-01,North East and Yorkshire,228730.0,16800.0,15373.0,91.5%,68607.0,228474,30630,28607,27079,26964,27317,26933,27471,27146,27277,25717,1348667,265175,264540,388677,604284,862850,1026278,883672,761419,811670,1074502,1265408,1372881,1450996,1807503,1793366,1512024,1153201,761054
2022-05-01,North West,205655.0,14249.0,13072.0,91.7%,65819.0,209661,30630,28607,27079,26964,27317,26933,27471,27146,27277,25717,1348667,265175,264540,388677,604284,862850,1026278,883672,761419,811670,1074502,1265408,1372881,1450996,1807503,1793366,1512024,1153201,761054
2022-05-01,South East,201322.0,13411.0,12518.0,93.3%,53578.0,187630,30630,28607,27079,26964,27317,26933,27471,27146,27277,25717,1348667,265175,264540,388677,604284,862850,1026278,883672,761419,811670,1074502,1265408,1372881,1450996,1807503,1793366,1512024,1153201,761054
2022-05-01,South West,114765.0,9966.0,9430.0,94.6%,60679.0,135510,30630,28607,27079,26964,27317,26933,27471,27146,27277,25717,1348667,265175,264540,388677,604284,862850,1026278,883672,761419,811670,1074502,1265408,1372881,1450996,1807503,1793366,1512024,1153201,761054
2022-06-01,East of England,149587.0,10294.0,9599.0,93.2%,33753.0,130133,30630,28607,27079,26964,27317,26933,27471,27146,27277,25717,1348667,265175,264540,388677,604284,862850,1026278,883672,761419,811670,1074502,1265408,1372881,1450996,1807503,1793366,1512024,1153201,761054
2022-06-01,London,240051.0,13413.0,12526.0,93.4%,31227.0,227286,30630,28607,27079,26964,27317,26933,27471,27146,27277,25717,1348667,265175,264540,388677,604284,862850,1026278,883672,761419,811670,1074502,1265408,1372881,1450996,1807503,1793366,1512024,1153201,761054
2022-06-01,Midlands,246460.0,18339.0,17188.0,93.7%,57453.0,258364,30630,28607,27079,26964,27317,26933,27471,27146,27277,25717,1348667,265175,264540,388677,604284,862850,1026278,883672,761419,811670,1074502,1265408,1372881,1450996,1807503,1793366,1512024,1153201,761054
2022-06-01,North East and Yorkshire,223426.0,16736.0,15324.0,91.6%,61418.0,228550,30630,28607,27079,26964,27317,26933,27471,27146,27277,25717,1348667,265175,264540,388677,604284,862850,1026278,883672,761419,811670,1074502,1265408,1372881,1450996,1807503,1793366,1512024,1153201,761054
2022-06-01,North West,197682.0,14269.0,13144.0,92.1%,61495.0,209978,30630,28607,27079,26964,27317,26933,27471,27146,27277,25717,1348667,265175,264540,388677,604284,862850,1026278,883672,761419,811670,1074502,1265408,1372881,1450996,1807503,1793366,1512024,1153201,761054
2022-06-01,South East,196987.0,13401.0,12499.0,93.3%,52026.0,187654,30630,28607,27079,26964,27317,26933,27471,27146,27277,25717,1348667,265175,264540,388677,604284,862850,1026278,883672,761419,811670,1074502,1265408,1372881,1450996,1807503,1793366,1512024,1153201,761054
2022-06-01,South West,113711.0,9918.0,9376.0,94.5%,52830.0,135457,30630,28607,27079,26964,27317,26933,27471,27146,27277,25717,1348667,265175,264540,388677,604284,862850,1026278,883672,761419,811670,1074502,1265408,1372881,1450996,1807503,1793366,1512024,1153201,761054
2022-07-01,East of England,150573.0,10385.0,9684.0,93.2%,40678.0,129949,30630,28607,27079,26964,27317,26933,27471,27146,27277,25717,1348667,265175,264540,388677,604284,862850,1026278,883672,761419,811670,1074502,1265408,1372881,1450996,1807503,1793366,1512024,1153201,761054
2022-07-01,London,236678.0,13391.0,12516.0,93.5%,34307.0,227686,30630,28607,27079,26964,27317,26933,27471,27146,27277,25717,1348667,265175,264540,388677,604284,862850,1026278,883672,761419,811670,1074502,1265408,1372881,1450996,1807503,1793366,1512024,1153201,761054
2022-07-01,Midlands,243086.0,18228.0,17013.0,93.3%,68297.0,258424,30630,28607,27079,26964,27317,26933,27471,27146,27277,25717,1348667,265175,264540,388677,604284,862850,1026278,883672,761419,811670,1074502,1265408,1372881,1450996,1807503,1793366,1512024,1153201,761054
2022-07-01,North East and Yorkshire,224944.0,16703.0,15282.0,91.5%,70819.0,228379,30630,28607,27079,26964,27317,26933,27471,27146,27277,25717,1348667,265175,264540,388677,604284,862850,1026278,883672,761419,811670,1074502,1265408,1372881,1450996,1807503,1793366,1512024,1153201,761054
2022-07-01,North West,197870.0,14279.0,13202.0,92.5%,72285.0,210040,30630,28607,27079,26964,27317,26933,27471,27146,27277,25717,1348667,265175,264540,388677,604284,862850,1026278,883672,761419,811670,1074502,1265408,1372881,1450996,1807503,1793366,1512024,1153201,761054
2022-07-01,South East,196774.0,13459.0,12644.0,93.9%,58039.0,187643,30630,28607,27079,26964,27317,26933,27471,27146,27277,25717,1348667,265175,264540,388677,604284,862850,1026278,883672,761419,811670,1074502,1265408,1372881,1450996,1807503,1793366,1512024,1153201,761054
2022-07-01,South West,115722.0,9930.0,9392.0,94.6%,60082.0,135715,30630,28607,27079,26964,27317,26933,27471,27146,27277,25717,1348667,265175,264540,388677,604284,862850,1026278,883672,761419,811670,1074502,1265408,1372881,1450996,1807503,1793366,1512024,1153201,761054
2022-08-01,East of England,139342.0,10383.0,9645.0,92.9%,37738.0,130292,30630,28607,27079,26964,27317,26933,27471,27146,27277,25717,1348667,265175,264540,388677,604284,862850,1026278,883672,761419,811670,1074502,1265408,1372881,1450996,1807503,1793366,1512024,1153201,761054
2022-08-01,London,214186.0,13342.0,12383.0,92.8%,39001.0,228142,30630,28607,27079,26964,27317,26933,27471,27146,27277,25717,1348667,265175,264540,388677,604284,862850,1026278,883672,761419,811670,1074502,1265408,1372881,1450996,1807503,1793366,1512024,1153201,761054
2022-08-01,Midlands,227628.0,18202.0,16934.0,93.0%,67001.0,259218,30630,28607,27079,26964,27317,26933,27471,27146,27277,25717,1348667,265175,264540,388677,604284,862850,1026278,883672,761419,811670,1074502,1265408,1372881,1450996,1807503,1793366,1512024,1153201,761054
2022-08-01,North East and Yorkshire,209580.0,16696.0,15226.0,91.2%,73404.0,229320,30630,28607,27079,26964,27317,26933,27471,27146,27277,25717,1348667,265175,264540,388677,604284,862850,1026278,883672,761419,811670,1074502,1265408,1372881,1450996,1807503,1793366,1512024,1153201,761054
2022-08-01,North West,188717.0,14353.0,13260.0,92.4%,72946.0,211131,30630,28607,27079,26964,27317,26933,27471,27146,27277,25717,1348667,265175,264540,388677,604284,862850,1026278,883672,761419,811670,1074502,1265408,1372881,1450996,1807503,1793366,1512024,1153201,761054
2022-08-01,South East,185536.0,13483.0,12632.0,93.7%,61120.0,187928,30630,28607,27079,26964,27317,26933,27471,27146,27277,25717,1348667,265175,264540,388677,604284,862850,1026278,883672,761419,811670,1074502,1265408,1372881,1450996,1807503,1793366,1512024,1153201,761054
2022-08-01,South West,111724.0,9966.0,9429.0,94.6%,64690.0,136085,30630,28607,27079,26964,27317,26933,27471,27146,27277,25717,1348667,265175,264540,388677,604284,862850,1026278,883672,761419,811670,1074502,1265408,1372881,1450996,1807503,1793366,1512024,1153201,761054
2022-09-01,East of England,139067.0,10396.0,9765.0,93.9%,39343.0,131228,30630,28607,27079,26964,27317,26933,27471,27146,27277,25717,1348667,265175,264540,388677,604284,862850,1026278,883672,761419,811670,1074502,1265408,1372881,1450996,1807503,1793366,1512024,1153201,761054
2022-09-01,London,218772.0,13369.0,12582.0,94.1%,40189.0,229631,30630,28607,27079,26964,27317,26933,27471,27146,27277,25717,1348667,265175,264540,388677,604284,862850,1026278,883672,761419,811670,1074502,1265408,1372881,1450996,1807503,1793366,1512024,1153201,761054
2022-09-01,Midlands,227843.0,18255.0,17105.0,93.7%,62364.0,261057,30630,28607,27079,26964,27317,26933,27471,27146,27277,25717,1348667,265175,264540,388677,604284,862850,1026278,883672,761419,811670,1074502,1265408,1372881,1450996,1807503,1793366,1512024,1153201,761054
2022-09-01,North East and Yorkshire,207715.0,16802.0,15448.0,91.9%,69817.0,230969,30630,28607,27079,26964,27317,26933,27471,27146,27277,25717,1348667,265175,264540,388677,604284,862850,1026278,883672,761419,811670,1074502,1265408,1372881,1450996,1807503,1793366,1512024,1153201,761054
2022-09-01,North West,187405.0,14344.0,13361.0,93.1%,68800.0,213035,30630,28607,27079,26964,27317,26933,27471,27146,27277,25717,1348667,265175,264540,388677,604284,862850,1026278,883672,761419,811670,1074502,1265408,1372881,1450996,1807503,1793366,1512024,1153201,761054
2022-09-01,South East,184880.0,13547.0,12795.0,94.4%,58353.0,189342,30630,28607,27079,26964,27317,26933,27471,27146,27277,25717,1348667,265175,264540,388677,604284,862850,1026278,883672,761419,811670,1074502,1265408,1372881,1450996,1807503,1793366,1512024,1153201,761054
2022-09-01,South West,108998.0,9955.0,9434.0,94.8%,61537.0,137240,30630,28607,27079,26964,27317,26933,27471,27146,27277,25717,1348667,265175,264540,388677,604284,862850,1026278,883672,761419,811670,1074502,1265408,1372881,1450996,1807503,1793366,1512024,1153201,761054
2022-10-01,East of England,150383.0,10474.0,9926.0,94.8%,37888.0,131978,30630,28607,27079,26964,27317,26933,27471,27146,27277,25717,1348667,265175,264540,388677,604284,862850,1026278,883672,761419,811670,1074502,1265408,1372881,1450996,1807503,1793366,1512024,1153201,761054
2022-10-01,London,237549.0,13504.0,12813.0,94.9%,42939.0,232124,30630,28607,27079,26964,27317,26933,27471,27146,27277,25717,1348667,265175,264540,388677,604284,862850,1026278,883672,761419,811670,1074502,1265408,1372881,1450996,1807503,1793366,1512024,1153201,761054
2022-10-01,Midlands,247521.0,18303.0,17328.0,94.7%,64901.0,263208,30630,28607,27079,26964,27317,26933,27471,27146,27277,25717,1348667,265175,264540,388677,604284,862850,1026278,883672,761419,811670,1074502,1265408,1372881,1450996,1807503,1793366,1512024,1153201,761054
2022-10-01,North East and Yorkshire,221867.0,16874.0,15659.0,92.8%,71506.0,232834,30630,28607,27079,26964,27317,26933,27471,27146,27277,25717,1348667,265175,264540,388677,604284,862850,1026278,883672,761419,811670,1074502,1265408,1372881,1450996,1807503,1793366,1512024,1153201,761054
2022-10-01,North West,199100.0,14424.0,13491.0,93.5%,74291.0,214836,30630,28607,27079,26964,27317,26933,27471,27146,27277,25717,1348667,265175,264540,388677,604284,862850,1026278,883672,761419,811670,1074502,1265408,1372881,1450996,1807503,1793366,1512024,1153201,761054
2022-10-01,South East,199246.0,13657.0,12985.0,95.1%,65696.0,190938,30630,28607,27079,26964,27317,26933,27471,27146,27277,25717,1348667,265175,264540,388677,604284,862850,1026278,883672,761419,811670,1074502,1265408,1372881,1450996,1807503,1793366,1512024,1153201,761054
2022-10-01,South West,114246.0,10051.0,9551.0,95.0%,65306.0,137965,30630,28607,27079,26964,27317,26933,27471,27146,27277,25717,1348667,265175,264540,388677,604284,862850,1026278,883672,761419,811670,1074502,1265408,1372881,1450996,1807503,1793366,1512024,1153201,761054
2022-11-01,East of England,148904.0,10505.0,9925.0,94.5%,35592.0,132531,30630,28607,27079,26964,27317,26933,27471,27146,27277,25717,1348667,265175,264540,388677,604284,862850,1026278,883672,761419,811670,1074502,1265408,1372881,1450996,1807503,1793366,1512024,1153201,761054
2022-11-01,London,236409.0,13583.0,12891.0,94.9%,41368.0,233519,30630,28607,27079,26964,27317,26933,27471,27146,27277,25717,1348667,265175,264540,388677,604284,862850,1026278,883672,761419,811670,1074502,1265408,1372881,1450996,1807503,1793366,1512024,1153201,761054
2022-11-01,Midlands,247883.0,18430.0,17475.0,94.8%,67163.0,264579,30630,28607,27079,26964,27317,26933,27471,27146,27277,25717,1348667,265175,264540,388677,604284,862850,1026278,883672,761419,811670,1074502,1265408,1372881,1450996,1807503,1793366,1512024,1153201,761054
2022-11-01,North East and Yorkshire,223774.0,16694.0,15550.0,93.1%,65131.0,233883,30630,28607,27079,26964,27317,26933,27471,27146,27277,25717,1348667,265175,264540,388677,604284,862850,1026278,883672,761419,811670,1074502,1265408,1372881,1450996,1807503,1793366,1512024,1153201,761054
2022-11-01,North West,198709.0,14447.0,13530.0,93.7%,72517.0,215846,30630,28607,27079,26964,27317,26933,27471,27146,27277,25717,1348667,265175,264540,388677,604284,862850,1026278,883672,761419,811670,1074502,1265408,1372881,1450996,1807503,1793366,1512024,1153201,761054
2022-11-01,South East,198559.0,13524.0,12888.0,95.3%,63998.0,192045,30630,28607,27079,26964,27317,26933,27471,27146,27277,25717,1348667,265175,264540,388677,604284,862850,1026278,883672,761419,811670,1074502,1265408,1372881,1450996,1807503,1793366,1512024,1153201,761054
2022-11-01,South West,111177.0,10025.0,9533.0,95.1%,61192.0,138647,30630,28607,27079,26964,27317,26933,27471,27146,27277,25717,1348667,265175,264540,388677,604284,862850,1026278,883672,761419,811670,1074502,1265408,1372881,1450996,1807503,1793366,1512024,1153201,761054
2022-12-01,East of England,154138.0,10640.0,10072.0,94.7%,36737.0,132619,30630,28607,27079,26964,27317,26933,27471,27146,27277,25717,1348667,265175,264540,388677,604284,862850,1026278,883672,761419,811670,1074502,1265408,1372881,1450996,1807503,1793366,1512024,1153201,761054
2022-12-01,London,239846.0,13680.0,12904.0,94.3%,43841.0,233615,30630,28607,27079,26964,27317,26933,27471,27146,27277,25717,1348667,265175,264540,388677,604284,862850,1026278,883672,761419,811670,1074502,1265408,1372881,1450996,1807503,1793366,1512024,1153201,761054
2022-12-01,Midlands,253587.0,18617.0,17608.0,94.6%,70536.0,264195,30630,28607,27079,26964,27317,26933,27471,27146,27277,25717,1348667,265175,264540,388677,604284,862850,1026278,883672,761419,811670,1074502,1265408,1372881,1450996,1807503,1793366,1512024,1153201,761054
2022-12-01,North East and Yorkshire,231218.0,17113.0,15881.0,92.8%,67776.0,233886,30630,28607,27079,26964,27317,26933,27471,27146,27277,25717,1348667,265175,264540,388677,604284,862850,1026278,883672,761419,811670,1074502,1265408,1372881,1450996,1807503,1793366,1512024,1153201,761054
2022-12-01,North West,204726.0,14449.0,13477.0,93.3%,71292.0,215411,30630,28607,27079,26964,27317,26933,27471,27146,27277,25717,1348667,265175,264540,388677,604284,862850,1026278,883672,761419,811670,1074502,1265408,1372881,1450996,1807503,1793366,1512024,1153201,761054
2022-12-01,South East,211120.0,13663.0,13044.0,95.5%,66499.0,191749,30630,28607,27079,26964,27317,26933,27471,27146,27277,25717,1348667,265175,264540,388677,604284,862850,1026278,883672,761419,811670,1074502,1265408,1372881,1450996,1807503,1793366,1512024,1153201,761054
2022-12-01,South West,115592.0,10055.0,9534.0,94.8%,59929.0,138575,30630,28607,27079,26964,27317,26933,27471,27146,27277,25717,1348667,265175,264540,388677,604284,862850,1026278,883672,761419,811670,1074502,1265408,1372881,1450996,1807503,1793366,1512024,1153201,761054
2023-01-01,East of England,132925.0,10846.0,10295.0,94.9%,38567.0,133669,32003,29471,27985,27795,27973,27827,28042,27774,27428,25428,1300544,299956,270367,383858,586538,847586,1025818,898139,781711,789720,1068583,1303431,1444428,1522344,1780996,1975600,1560257,1186934,760619
2023-01-01,London,211591.0,14018.0,13214.0,94.3%,46333.0,236096,32003,29471,27985,27795,27973,27827,28042,27774,27428,25428,1300544,299956,270367,383858,586538,847586,1025818,898139,781711,789720,1068583,1303431,1444428,1522344,1780996,1975600,1560257,1186934,760619
2023-01-01,Midlands,221700.0,18768.0,17790.0,94.8%,73497.0,267077,32003,29471,27985,27795,27973,27827,28042,27774,27428,25428,1300544,299956,270367,383858,586538,847586,1025818,898139,781711,789720,1068583,1303431,1444428,1522344,1780996,1975600,1560257,1186934,760619
2023-01-01,North East and Yorkshire,198469.0,17433.0,16173.0,92.8%,69126.0,235842,32003,29471,27985,27795,27973,27827,28042,27774,27428,25428,1300544,299956,270367,383858,586538,847586,1025818,898139,781711,789720,1068583,1303431,1444428,1522344,1780996,1975600,1560257,1186934,760619
2023-01-01,North West,172639.0,14778.0,13846.0,93.7%,71506.0,217214,32003,29471,27985,27795,27973,27827,28042,27774,27428,25428,1300544,299956,270367,383858,586538,847586,1025818,898139,781711,789720,1068583,1303431,1444428,1522344,1780996,1975600,1560257,1186934,760619
2023-01-01,South East,180506.0,14010.0,13349.0,95.3%,71951.0,193632,32003,29471,27985,27795,27973,27827,28042,27774,27428,25428,1300544,299956,270367,383858,586538,847586,1025818,898139,781711,789720,1068583,1303431,1444428,1522344,1780996,1975600,1560257,1186934,760619
2023-01-01,South West,98086.0,10193.0,9705.0,95.2%,61933.0,140167,32003,29471,27985,27795,27973,27827,28042,27774,27428,25428,1300544,299956,270367,383858,586538,847586,1025818,898139,781711,789720,1068583,1303431,1444428,1522344,1780996,1975600,1560257,1186934,760619
2023-02-01,East of England,130302.0,10746.0,10200.0,94.9%,32260.0,134300,32003,29471,27985,27795,27973,27827,28042,27774,27428,25428,1300544,299956,270367,383858,586538,847586,1025818,898139,781711,789720,1068583,1303431,1444428,1522344,1780996,1975600,1560257,1186934,760619
2023-02-01,London,207802.0,14040.0,13275.0,94.6%,41087.0,237514,32003,29471,27985,27795,27973,27827,28042,27774,27428,25428,1300544,299956,270367,383858,586538,847586,1025818,898139,781711,789720,1068583,1303431,1444428,1522344,1780996,1975600,1560257,1186934,760619
2023-02-01,Midlands,212658.0,18663.0,17681.0,94.7%,65540.0,268181,32003,29471,27985,27795,27973,27827,28042,27774,27428,25428,1300544,299956,270367,383858,586538,847586,1025818,898139,781711,789720,1068583,1303431,1444428,1522344,1780996,1975600,1560257,1186934,760619
2023-02-01,North East and Yorkshire,191779.0,17363.0,16072.0,92.6%,63376.0,236741,32003,29471,27985,27795,27973,27827,28042,27774,27428,25428,1300544,299956,270367,383858,586538,847586,1025818,898139,781711,789720,1068583,1303431,1444428,1522344,1780996,1975600,1560257,1186934,760619
2023-02-01,North West,167572.0,14608.0,13610.0,93.2%,64267.0,218142,32003,29471,27985,27795,27973,27827,28042,27774,27428,25428,1300544,299956,270367,383858,586538,847586,1025818,898139,781711,789720,1068583,1303431,1444428,1522344,1780996,1975600,1560257,1186934,760619
2023-02-01,South East,171535.0,13872.0,13255.0,95.6%,67099.0,194633,32003,29471,27985,27795,27973,27827,28042,27774,27428,25428,1300544,299956,270367,383858,586538,847586,1025818,898139,781711,789720,1068583,1303431,1444428,1522344,1780996,1975600,1560257,1186934,760619
2023-02-01,South West,98217.0,10096.0,9618.0,95.3%,52521.0,140764,32003,29471,27985,27795,27973,27827,28042,27774,27428,25428,1300544,299956,270367,383858,586538,847586,1025818,898139,781711,789720,1068583,1303431,1444428,1522344,1780996,1975600,1560257,1186934,760619
2023-03-01,East of England,148144.0,10766.0,10184.0,94.6%,33759.0,134880,32003,29471,27985,27795,27973,27827,28042,27774,27428,25428,1300544,299956,270367,383858,586538,847586,1025818,898139,781711,789720,1068583,1303431,1444428,1522344,1780996,1975600,1560257,1186934,760619
2023-03-01,London,228244.0,14033.0,13199.0,94.1%,45656.0,238312,32003,29471,27985,27795,27973,27827,28042,27774,27428,25428,1300544,299956,270367,383858,586538,847586,1025818,898139,781711,789720,1068583,1303431,1444428,1522344,1780996,1975600,1560257,1186934,760619
2023-03-01,Midlands,244310.0,18643.0,17551.0,94.1%,70591.0,269082,32003,29471,27985,27795,27973,27827,28042,27774,27428,25428,1300544,299956,270367,383858,586538,847586,1025818,898139,781711,789720,1068583,1303431,1444428,1522344,1780996,1975600,1560257,1186934,760619
2023-03-01,North East and Yorkshire,217864.0,17343.0,16049.0,92.5%,69458.0,237607,32003,29471,27985,27795,27973,27827,28042,27774,27428,25428,1300544,299956,270367,383858,586538,847586,1025818,898139,781711,789720,1068583,1303431,1444428,1522344,1780996,1975600,1560257,1186934,760619
2023-03-01,North West,196019.0,14566.0,13591.0,93.3%,71491.0,218787,32003,29471,27985,27795,27973,27827,28042,27774,27428,25428,1300544,299956,270367,383858,586538,847586,1025818,898139,781711,789720,1068583,1303431,1444428,1522344,1780996,1975600,1560257,1186934,760619
2023-03-01,South East,196952.0,13868.0,13280.0,95.8%,73632.0,195466,32003,29471,27985,27795,27973,27827,28042,27774,27428,25428,1300544,299956,270367,383858,586538,847586,1025818,898139,781711,789720,1068583,1303431,1444428,1522344,1780996,1975600,1560257,1186934,760619
2023-03-01,South West,111538.0,10004.0,9529.0,95.3%,57270.0,141328,32003,29471,27985,27795,27973,27827,28042,27774,27428,25428,1300544,299956,270367,383858,586538,847586,1025818,898139,781711,789720,1068583,1303431,1444428,1522344,1780996,1975600,1560257,1186934,760619
2023-04-01,East of England,135631.0,10638.0,9930.0,93.3%,31246.0,134997,32003,29471,27985,27795,27973,27827,28042,27774,27428,25428,1300544,299956,270367,383858,586538,847586,1025818,898139,781711,789720,1068583,1303431,1444428,1522344,1780996,1975600,1560257,1186934,760619
2023-04-01,London,205543.0,13983.0,12904.0,92.3%,44959.0,238705,32003,29471,27985,27795,27973,27827,28042,27774,27428,25428,1300544,299956,270367,383858,586538,847586,1025818,898139,781711,789720,1068583,1303431,1444428,1522344,1780996,1975600,1560257,1186934,760619
2023-04-01,Midlands,225657.0,18515.0,17114.0,92.4%,64626.0,269348,32003,29471,27985,27795,27973,27827,28042,27774,27428,25428,1300544,299956,270367,383858,586538,847586,1025818,898139,781711,789720,1068583,1303431,1444428,1522344,1780996,1975600,1560257,1186934,760619
2023-04-01,North East and Yorkshire,206409.0,17283.0,15674.0,90.7%,63839.0,237442,32003,29471,27985,27795,27973,27827,28042,27774,27428,25428,1300544,299956,270367,383858,586538,847586,1025818,898139,781711,789720,1068583,1303431,1444428,1522344,1780996,1975600,1560257,1186934,760619
2023-04-01,North West,181844.0,14438.0,13301.0,92.1%,63965.0,219217,32003,29471,27985,27795,27973,27827,28042,27774,27428,25428,1300544,299956,270367,383858,586538,847586,1025818,898139,781711,789720,1068583,1303431,1444428,1522344,1780996,1975600,1560257,1186934,760619
2023-04-01,South East,180286.0,13648.0,12860.0,94.2%,66321.0,195450,32003,29471,27985,27795,27973,27827,28042,27774,27428,25428,1300544,299956,270367,383858,586538,847586,1025818,898139,781711,789720,1068583,1303431,1444428,1522344,1780996,1975600,1560257,1186934,760619
2023-04-01,South West,107143.0,9926.0,9315.0,93.8%,50901.0,141499,32003,29471,27985,27795,27973,27827,28042,27774,27428,25428,1300544,299956,270367,383858,586538,847586,1025818,898139,781711,789720,1068583,1303431,1444428,1522344,1780996,1975600,1560257,1186934,760619
2023-05-01,East of England,149608.0,10639.0,10024.0,94.2%,31579.0,135521,32003,29471,27985,27795,27973,27827,28042,27774,27428,25428,1300544,299956,270367,383858,586538,847586,1025818,898139,781711,789720,1068583,1303431,1444428,1522344,1780996,1975600,1560257,1186934,760619
2023-05-01,London,224895.0,14038.0,13087.0,93.2%,47076.0,240748,32003,29471,27985,27795,27973,27827,28042,27774,27428,25428,1300544,299956,270367,383858,586538,847586,1025818,898139,781711,789720,1068583,1303431,1444428,1522344,1780996,1975600,1560257,1186934,760619
2023-05-01,Midlands,251698.0,18557.0,17368.0,93.6%,67909.0,270807,32003,29471,27985,27795,27973,27827,28042,27774,27428,25428,1300544,299956,270367,383858,586538,847586,1025818,898139,781711,789720,1068583,1303431,1444428,1522344,1780996,1975600,1560257,1186934,760619
2023-05-01,North East and Yorkshire,226815.0,17169.0,15632.0,91.0%,65173.0,237832,32003,29471,27985,27795,27973,27827,28042,27774,27428,25428,1300544,299956,270367,383858,586538,847586,1025818,898139,781711,789720,1068583,1303431,1444428,1522344,1780996,1975600,1560257,1186934,760619
2023-05-01,North West,201007.0,14313.0,13233.0,92.5%,64195.0,220054,32003,29471,27985,27795,27973,27827,28042,27774,27428,25428,1300544,299956,270367,383858,586538,847586,1025818,898139,781711,789720,1068583,1303431,1444428,1522344,1780996,1975600,1560257,1186934,760619
2023-05-01,South East,198555.0,13727.0,12960.0,94.4%,68299.0,195972,32003,29471,27985,27795,27973,27827,28042,27774,27428,25428,1300544,299956,270367,383858,586538,847586,1025818,898139,781711,789720,1068583,1303431,1444428,1522344,1780996,1975600,1560257,1186934,760619
2023-05-01,South West,118820.0,9961.0,9395.0,94.3%,47618.0,141866,32003,29471,27985,27795,27973,27827,28042,27774,27428,25428,1300544,299956,270367,383858,586538,847586,1025818,898139,781711,789720,1068583,1303431,1444428,1522344,1780996,1975600,1560257,1186934,760619
2023-06-01,East of England,152024.0,10638.0,10004.0,94.0%,28545.0,135780,32003,29471,27985,27795,27973,27827,28042,27774,27428,25428,1300544,299956,270367,383858,586538,847586,1025818,898139,781711,789720,1068583,1303431,1444428,1522344,1780996,1975600,1560257,1186934,760619
2023-06-01,London,224368.0,14087.0,13121.0,93.1%,45488.0,241293,32003,29471,27985,27795,27973,27827,28042,27774,27428,25428,1300544,299956,270367,383858,586538,847586,1025818,898139,781711,789720,1068583,1303431,1444428,1522344,1780996,1975600,1560257,1186934,760619
2023-06-01,Midlands,251583.0,18525.0,17366.0,93.7%,66039.0,271864,32003,29471,27985,27795,27973,27827,28042,27774,27428,25428,1300544,299956,270367,383858,586538,847586,1025818,898139,781711,789720,1068583,1303431,1444428,1522344,1780996,1975600,1560257,1186934,760619
2023-06-01,North East and Yorkshire,221773.0,17169.0,15537.0,90.5%,59341.0,238297,32003,29471,27985,27795,27973,27827,28042,27774,27428,25428,1300544,299956,270367,383858,586538,847586,1025818,898139,781711,789720,1068583,1303431,1444428,1522344,1780996,1975600,1560257,1186934,760619
2023-06-01,North West,194977.0,14285.0,13145.0,92.0%,58494.0,220340,32003,29471,27985,27795,27973,27827,28042,27774,27428,25428,1300544,299956,270367,383858,586538,847586,1025818,898139,781711,789720,1068583,1303431,1444428,1522344,1780996,1975600,1560257,1186934,760619
2023-06-01,South East,199392.0,13584.0,12786.0,94.1%,66111.0,196309,32003,29471,27985,27795,27973,27827,28042,27774,27428,25428,1300544,299956,270367,383858,586538,847586,1025818,898139,781711,789720,1068583,1303431,1444428,1522344,1780996,1975600,1560257,1186934,760619
2023-06-01,South West,117791.0,9917.0,9339.0,94.2%,46004.0,142246,32003,29471,27985,27795,27973,27827,28042,27774,27428,25428,1300544,299956,270367,383858,586538,847586,1025818,898139,781711,789720,1068583,1303431,1444428,1522344,1780996,1975600,1560257,1186934,760619
2023-07-01,East of England,149906.0,10544.0,9759.0,92.6%,27774.0,136330,32003,29471,27985,27795,27973,27827,28042,27774,27428,25428,1300544,299956,270367,383858,586538,847586,1025818,898139,781711,789720,1068583,1303431,1444428,1522344,1780996,1975600,1560257,1186934,760619
2023-07-01,London,220912.0,13784.0,12624.0,91.6%,46092.0,241734,32003,29471,27985,27795,27973,27827,28042,27774,27428,25428,1300544,299956,270367,383858,586538,847586,1025818,898139,781711,789720,1068583,1303431,1444428,1522344,1780996,1975600,1560257,1186934,760619
2023-07-01,Midlands,247765.0,18450.0,17084.0,92.6%,65827.0,273342,32003,29471,27985,27795,27973,27827,28042,27774,27428,25428,1300544,299956,270367,383858,586538,847586,1025818,898139,781711,789720,1068583,1303431,1444428,1522344,1780996,1975600,1560257,1186934,760619
2023-07-01,North East and Yorkshire,223248.0,17095.0,15243.0,89.2%,59170.0,239193,32003,29471,27985,27795,27973,27827,28042,27774,27428,25428,1300544,299956,270367,383858,586538,847586,1025818,898139,781711,789720,1068583,1303431,1444428,1522344,1780996,1975600,1560257,1186934,760619
2023-07-01,North West,192833.0,14224.0,13019.0,91.5%,59566.0,220436,32003,29471,27985,27795,27973,27827,28042,27774,27428,25428,1300544,299956,270367,383858,586538,847586,1025818,898139,781711,789720,1068583,1303431,1444428,1522344,1780996,1975600,1560257,1186934,760619
2023-07-01,South East,200345.0,13393.0,12460.0,93.0%,62606.0,196984,32003,29471,27985,27795,27973,27827,28042,27774,27428,25428,1300544,299956,270367,383858,586538,847586,1025818,898139,781711,789720,1068583,1303431,1444428,1522344,1780996,1975600,1560257,1186934,760619
2023-07-01,South West,118630.0,9847.0,9172.0,93.1%,47163.0,143069,32003,29471,27985,27795,27973,27827,28042,27774,27428,25428,1300544,299956,270367,383858,586538,847586,1025818,898139,781711,789720,1068583,1303431,1444428,1522344,1780996,1975600,1560257,1186934,760619
2023-08-01,East of England,144300.0,10522.0,9777.0,92.9%,27940.0,136767,32003,29471,27985,27795,27973,27827,28042,27774,27428,25428,1300544,299956,270367,383858,586538,847586,1025818,898139,781711,789720,1068583,1303431,1444428,1522344,1780996,1975600,1560257,1186934,760619
2023-08-01,London,208161.0,13854.0,12652.0,91.3%,46159.0,242037,32003,29471,27985,27795,27973,27827,28042,27774,27428,25428,1300544,299956,270367,383858,586538,847586,1025818,898139,781711,789720,1068583,1303431,1444428,1522344,1780996,1975600,1560257,1186934,760619
2023-08-01,Midlands,237634.0,18478.0,17081.0,92.4%,66381.0,274598,32003,29471,27985,27795,27973,27827,28042,27774,27428,25428,1300544,299956,270367,383858,586538,847586,1025818,898139,781711,789720,1068583,1303431,1444428,1522344,1780996,1975600,1560257,1186934,760619
2023-08-01,North East and Yorkshire,212846.0,17049.0,15259.0,89.5%,57445.0,239967,32003,29471,27985,27795,27973,27827,28042,27774,27428,25428,1300544,299956,270367,383858,586538,847586,1025818,898139,781711,789720,1068583,1303431,1444428,1522344,1780996,1975600,1560257,1186934,760619
2023-08-01,North West,185081.0,14218.0,12963.0,91.2%,62683.0,221288,32003,29471,27985,27795,27973,27827,28042,27774,27428,25428,1300544,299956,270367,383858,586538,847586,1025818,898139,781711,789720,1068583,1303431,1444428,1522344,1780996,1975600,1560257,1186934,760619
2023-08-01,South East,192524.0,13243.0,12439.0,93.9%,62689.0,197595,32003,29471,27985,27795,27973,27827,28042,27774,27428,25428,1300544,299956,270367,383858,586538,847586,1025818,898139,781711,789720,1068583,1303431,1444428,1522344,1780996,1975600,1560257,1186934,760619
2023-08-01,South West,117659.0,9901.0,9194.0,92.9%,45994.0,143577,32003,29471,27985,27795,27973,27827,28042,27774,27428,25428,1300544,299956,270367,383858,586538,847586,1025818,898139,781711,789720,1068583,1303431,1444428,1522344,1780996,1975600,1560257,1186934,760619
2023-09-01,East of England,145155.0,10525.0,9854.0,93.6%,26108.0,137706,32003,29471,27985,27795,27973,27827,28042,27774,27428,25428,1300544,299956,270367,383858,586538,847586,1025818,898139,781711,789720,1068583,1303431,1444428,1522344,1780996,1975600,1560257,1186934,760619
2023-09-01,London,219634.0,13852.0,12863.0,92.9%,46986.0,243366,32003,29471,27985,27795,27973,27827,28042,27774,27428,25428,1300544,299956,270367,383858,586538,847586,1025818,898139,781711,789720,1068583,1303431,1444428,1522344,1780996,1975600,1560257,1186934,760619
2023-09-01,Midlands,251865.0,18511.0,17302.0,93.5%,67548.0,277057,32003,29471,27985,27795,27973,27827,28042,27774,27428,25428,1300544,299956,270367,383858,586538,847586,1025818,898139,781711,789720,1068583,1303431,1444428,1522344,1780996,1975600,1560257,1186934,760619
2023-09-01,North East and Yorkshire,217764.0,17108.0,15582.0,91.1%,59274.0,242092,32003,29471,27985,27795,27973,27827,28042,27774,27428,25428,1300544,299956,270367,383858,586538,847586,1025818,898139,781711,789720,1068583,1303431,1444428,1522344,1780996,1975600,1560257,1186934,760619
2023-09-01,North West,192625.0,14055.0,12976.0,92.3%,61549.0,223080,32003,29471,27985,27795,27973,27827,28042,27774,27428,25428,1300544,299956,270367,383858,586538,847586,1025818,898139,781711,789720,1068583,1303431,1444428,1522344,1780996,1975600,1560257,1186934,760619
2023-09-01,South East,200483.0,13308.0,12596.0,94.6%,63559.0,199222,32003,29471,27985,27795,27973,27827,28042,27774,27428,25428,1300544,299956,270367,383858,586538,847586,1025818,898139,781711,789720,1068583,1303431,1444428,1522344,1780996,1975600,1560257,1186934,760619
2023-09-01,South West,117204.0,9972.0,9406.0,94.3%,46149.0,145262,32003,29471,27985,27795,27973,27827,28042,27774,27428,25428,1300544,299956,270367,383858,586538,847586,1025818,898139,781711,789720,1068583,1303431,1444428,1522344,1780996,1975600,1560257,1186934,760619
2023-10-01,East of England,149125.0,10559.0,9951.0,94.2%,28317.0,138897,32003,29471,27985,27795,27973,27827,28042,27774,27428,25428,1300544,299956,270367,383858,586538,847586,1025818,898139,781711,789720,1068583,1303431,1444428,1522344,1780996,1975600,1560257,1186934,760619
2023-10-01,London,222148.0,13845.0,12957.0,93.6%,45624.0,246231,32003,29471,27985,27795,27973,27827,28042,27774,27428,25428,1300544,299956,270367,383858,586538,847586,1025818,898139,781711,789720,1068583,1303431,1444428,1522344,1780996,1975600,1560257,1186934,760619
2023-10-01,Midlands,263120.0,18611.0,17640.0,94.8%,73835.0,279856,32003,29471,27985,27795,27973,27827,28042,27774,27428,25428,1300544,299956,270367,383858,586538,847586,1025818,898139,781711,789720,1068583,1303431,1444428,1522344,1780996,1975600,1560257,1186934,760619
2023-10-01,North East and Yorkshire,227212.0,17231.0,15972.0,92.7%,62667.0,244199,32003,29471,27985,27795,27973,27827,28042,27774,27428,25428,1300544,299956,270367,383858,586538,847586,1025818,898139,781711,789720,1068583,1303431,1444428,1522344,1780996,1975600,1560257,1186934,760619
2023-10-01,North West,201480.0,14186.0,13289.0,93.7%,65665.0,224960,32003,29471,27985,27795,27973,27827,28042,27774,27428,25428,1300544,299956,270367,383858,586538,847586,1025818,898139,781711,789720,1068583,1303431,1444428,1522344,1780996,1975600,1560257,1186934,760619
2023-10-01,South East,204406.0,12954.0,12339.0,95.3%,62926.0,200761,32003,29471,27985,27795,27973,27827,28042,27774,27428,25428,1300544,299956,270367,383858,586538,847586,1025818,898139,781711,789720,1068583,1303431,1444428,1522344,1780996,1975600,1560257,1186934,760619
2023-10-01,South West,118055.0,9984.0,9485.0,95.0%,48238.0,146615,32003,29471,27985,27795,27973,27827,28042,27774,27428,25428,1300544,299956,270367,383858,586538,847586,1025818,898139,781711,789720,1068583,1303431,1444428,1522344,1780996,1975600,1560257,1186934,760619
2023-11-01,East of England,148254.0,10695.0,10116.0,94.6%,28433.0,139862,32003,29471,27985,27795,27973,27827,28042,27774,27428,25428,1300544,299956,270367,383858,586538,847586,1025818,898139,781711,789720,1068583,1303431,1444428,1522344,1780996,1975600,1560257,1186934,760619
2023-11-01,London,224659.0,13899.0,13184.0,94.9%,45357.0,247554,32003,29471,27985,27795,27973,27827,28042,27774,27428,25428,1300544,299956,270367,383858,586538,847586,1025818,898139,781711,789720,1068583,1303431,1444428,1522344,1780996,1975600,1560257,1186934,760619
2023-11-01,Midlands,251848.0,18765.0,17978.0,95.8%,69806.0,281411,32003,29471,27985,27795,27973,27827,28042,27774,27428,25428,1300544,299956,270367,383858,586538,847586,1025818,898139,781711,789720,1068583,1303431,1444428,1522344,1780996,1975600,1560257,1186934,760619
2023-11-01,North East and Yorkshire,222234.0,17498.0,16327.0,93.3%,63129.0,245160,32003,29471,27985,27795,27973,27827,28042,27774,27428,25428,1300544,299956,270367,383858,586538,847586,1025818,898139,781711,789720,1068583,1303431,1444428,1522344,1780996,1975600,1560257,1186934,760619
2023-11-01,North West,192794.0,14258.0,13388.0,93.9%,62827.0,225876,32003,29471,27985,27795,27973,27827,28042,27774,27428,25428,1300544,299956,270367,383858,586538,847586,1025818,898139,781711,789720,1068583,1303431,1444428,1522344,1780996,1975600,1560257,1186934,760619
2023-11-01,South East,203340.0,13685.0,13128.0,95.9%,68391.0,201720,32003,29471,27985,27795,27973,27827,28042,27774,27428,25428,1300544,299956,270367,383858,586538,847586,1025818,898139,781711,789720,1068583,1303431,1444428,1522344,1780996,1975600,1560257,1186934,760619
2023-11-01,South West,113988.0,10044.0,9565.0,95.2%,46179.0,147471,32003,29471,27985,27795,27973,27827,28042,27774,27428,25428,1300544,299956,270367,383858,586538,847586,1025818,898139,781711,789720,1068583,1303431,1444428,1522344,1780996,1975600,1560257,1186934,760619
2023-12-01,East of England,148713.0,10830.0,10165.0,93.9%,30916.0,140010,32003,29471,27985,27795,27973,27827,28042,27774,27428,25428,1300544,299956,270367,383858,586538,847586,1025818,898139,781711,789720,1068583,1303431,1444428,1522344,1780996,1975600,1560257,1186934,760619
2023-12-01,London,225252.0,14726.0,13529.0,91.9%,45847.0,247512,32003,29471,27985,27795,27973,27827,28042,27774,27428,25428,1300544,299956,270367,383858,586538,847586,1025818,898139,781711,789720,1068583,1303431,1444428,1522344,1780996,1975600,1560257,1186934,760619
2023-12-01,Midlands,249766.0,19064.0,17877.0,93.8%,69298.0,281592,32003,29471,27985,27795,27973,27827,28042,27774,27428,25428,1300544,299956,270367,383858,586538,847586,1025818,898139,781711,789720,1068583,1303431,1444428,1522344,1780996,1975600,1560257,1186934,760619
2023-12-01,North East and Yorkshire,225316.0,17533.0,16049.0,91.5%,64471.0,244886,32003,29471,27985,27795,27973,27827,28042,27774,27428,25428,1300544,299956,270367,383858,586538,847586,1025818,898139,781711,789720,1068583,1303431,1444428,1522344,1780996,1975600,1560257,1186934,760619
2023-12-01,North West,192357.0,14939.0,13627.0,91.2%,64392.0,225511,32003,29471,27985,27795,27973,27827,28042,27774,27428,25428,1300544,299956,270367,383858,586538,847586,1025818,898139,781711,789720,1068583,1303431,1444428,1522344,1780996,1975600,1560257,1186934,760619
2023-12-01,South East,199789.0,13766.0,12948.0,94.1%,67543.0,201744,32003,29471,27985,27795,27973,27827,28042,27774,27428,25428,1300544,299956,270367,383858,586538,847586,1025818,898139,781711,789720,1068583,1303431,1444428,1522344,1780996,1975600,1560257,1186934,760619
2023-12-01,South West,114589.0,10037.0,9396.0,93.6%,48443.0,147574,32003,29471,27985,27795,27973,27827,28042,27774,27428,25428,1300544,299956,270367,383858,586538,847586,1025818,898139,781711,789720,1068583,1303431,1444428,1522344,1780996,1975600,1560257,1186934,760619
2024-01-01,East of England,148680.0,11089.0,10537.0,95.0%,32016.0,141023,34057,31246,29801,29695,29924,29805,30060,29860,29480,27890,1284504,316369,287848,411067,613025,905946,1107236,987612,860452,837584,1122536,1386558,1560437,1641459,1842390,2168588,1680823,1264967,785862
2024-01-01,London,226402.0,14901.0,13831.0,92.8%,48359.0,249976,34057,31246,29801,29695,29924,29805,30060,29860,29480,27890,1284504,316369,287848,411067,613025,905946,1107236,987612,860452,837584,1122536,1386558,1560437,1641459,1842390,2168588,1680823,1264967,785862
2024-01-01,Midlands,251728.0,19468.0,18497.0,95.0%,73387.0,284002,34057,31246,29801,29695,29924,29805,30060,29860,29480,27890,1284504,316369,287848,411067,613025,905946,1107236,987612,860452,837584,1122536,1386558,1560437,1641459,1842390,2168588,1680823,1264967,785862
2024-01-01,North East and Yorkshire,226246.0,17891.0,16679.0,93.2%,71669.0,246422,34057,31246,29801,29695,29924,29805,30060,29860,29480,27890,1284504,316369,287848,411067,613025,905946,1107236,987612,860452,837584,1122536,1386558,1560437,1641459,1842390,2168588,1680823,1264967,785862
2024-01-01,North West,196863.0,15334.0,14236.0,92.8%,71015.0,226881,34057,31246,29801,29695,29924,29805,30060,29860,29480,27890,1284504,316369,287848,411067,613025,905946,1107236,987612,860452,837584,1122536,1386558,1560437,1641459,1842390,2168588,1680823,1264967,785862
2024-01-01,South East,202323.0,14256.0,13472.0,94.5%,74140.0,203103,34057,31246,29801,29695,29924,29805,30060,29860,29480,27890,1284504,316369,287848,411067,613025,905946,1107236,987612,860452,837584,1122536,1386558,1560437,1641459,1842390,2168588,1680823,1264967,785862
2024-01-01,South West,116731.0,10176.0,9683.0,95.1%,54388.0,148599,34057,31246,29801,29695,29924,29805,30060,29860,29480,27890,1284504,316369,287848,411067,613025,905946,1107236,987612,860452,837584,1122536,1386558,1560437,1641459,1842390,2168588,1680823,1264967,785862
2024-02-01,East of England,142825.0,11145.0,10601.0,95.1%,28857.0,141599,34057,31246,29801,29695,29924,29805,30060,29860,29480,27890,1284504,316369,287848,411067,613025,905946,1107236,987612,860452,837584,1122536,1386558,1560437,1641459,1842390,2168588,1680823,1264967,785862
2024-02-01,London,218801.0,15035.0,14075.0,93.6%,50966.0,251093,34057,31246,29801,29695,29924,29805,30060,29860,29480,27890,1284504,316369,287848,411067,613025,905946,1107236,987612,860452,837584,1122536,1386558,1560437,1641459,1842390,2168588,1680823,1264967,785862
2024-02-01,Midlands,246062.0,19531.0,18537.0,94.9%,68177.0,285105,34057,31246,29801,29695,29924,29805,30060,29860,29480,27890,1284504,316369,287848,411067,613025,905946,1107236,987612,860452,837584,1122536,1386558,1560437,1641459,1842390,2168588,1680823,1264967,785862
2024-02-01,North East and Yorkshire,217069.0,17891.0,16663.0,93.1%,64884.0,247236,34057,31246,29801,29695,29924,29805,30060,29860,29480,27890,1284504,316369,287848,411067,613025,905946,1107236,987612,860452,837584,1122536,1386558,1560437,1641459,1842390,2168588,1680823,1264967,785862
2024-02-01,North West,188485.0,15427.0,14377.0,93.2%,64717.0,227283,34057,31246,29801,29695,29924,29805,30060,29860,29480,27890,1284504,316369,287848,411067,613025,905946,1107236,987612,860452,837584,1122536,1386558,1560437,1641459,1842390,2168588,1680823,1264967,785862
2024-02-01,South East,194180.0,14187.0,13375.0,94.3%,67956.0,203536,34057,31246,29801,29695,29924,29805,30060,29860,29480,27890,1284504,316369,287848,411067,613025,905946,1107236,987612,860452,837584,1122536,1386558,1560437,1641459,1842390,2168588,1680823,1264967,785862
2024-02-01,South West,111918.0,10192.0,9628.0,94.5%,50631.0,148918,34057,31246,29801,29695,29924,29805,30060,29860,29480,27890,1284504,316369,287848,411067,613025,905946,1107236,987612,860452,837584,1122536,1386558,1560437,1641459,1842390,2168588,1680823,1264967,785862
2024-03-01,East of England,154806.0,10949.0,10361.0,94.6%,30262.0,141818,34057,31246,29801,29695,29924,29805,30060,29860,29480,27890,1284504,316369,287848,411067,613025,905946,1107236,987612,860452,837584,1122536,1386558,1560437,1641459,1842390,2168588,1680823,1264967,785862
2024-03-01,London,238883.0,14346.0,13502.0,94.1%,53399.0,251671,34057,31246,29801,29695,29924,29805,30060,29860,29480,27890,1284504,316369,287848,411067,613025,905946,1107236,987612,860452,837584,1122536,1386558,1560437,1641459,1842390,2168588,1680823,1264967,785862
2024-03-01,Midlands,265420.0,19148.0,18157.0,94.8%,68471.0,285634,34057,31246,29801,29695,29924,29805,30060,29860,29480,27890,1284504,316369,287848,411067,613025,905946,1107236,987612,860452,837584,1122536,1386558,1560437,1641459,1842390,2168588,1680823,1264967,785862
2024-03-01,North East and Yorkshire,231556.0,17796.0,16466.0,92.5%,67448.0,247531,34057,31246,29801,29695,29924,29805,30060,29860,29480,27890,1284504,316369,287848,411067,613025,905946,1107236,987612,860452,837584,1122536,1386558,1560437,1641459,1842390,2168588,1680823,1264967,785862
2024-03-01,North West,203269.0,14760.0,13767.0,93.3%,67566.0,227344,34057,31246,29801,29695,29924,29805,30060,29860,29480,27890,1284504,316369,287848,411067,613025,905946,1107236,987612,860452,837584,1122536,1386558,1560437,1641459,1842390,2168588,1680823,1264967,785862
2024-03-01,South East,213956.0,14028.0,13245.0,94.4%,69593.0,203629,34057,31246,29801,29695,29924,29805,30060,29860,29480,27890,1284504,316369,287848,411067,613025,905946,1107236,987612,860452,837584,1122536,1386558,1560437,1641459,1842390,2168588,1680823,1264967,785862
2024-03-01,South West,123789.0,10157.0,9586.0,94.4%,48357.0,149068,34057,31246,29801,29695,29924,29805,30060,29860,29480,27890,1284504,316369,287848,411067,613025,905946,1107236,987612,860452,837584,1122536,1386558,1560437,1641459,1842390,2168588,1680823,1264967,785862
